e_id,show_id,time_event,date_event,ticket_price
1,34,15:00:00,2017-09-01,45
2,657,09:00:00,2017-08-31,35
3,612,09:00:00,2017-09-15,25
4,518,09:00:00,2017-11-22,20
5,178,15:00:00,2017-09-07,40
6,854,15:00:00,2017-09-28,30
7,54,09:00:00,2017-09-24,35
8,653,18:00:00,2017-11-01,20
9,749,15:00:00,2017-10-28,30
10,728,12:00:00,2017-12-03,30
11,994,21:00:00,2017-12-27,50
12,215,15:00:00,2017-08-01,20
13,26,18:00:00,2017-10-10,30
14,355,15:00:00,2017-12-07,35
15,112,21:00:00,2017-09-14,35
16,971,09:00:00,2017-09-25,40
17,418,15:00:00,2017-10-10,35
18,888,15:00:00,2017-09-03,50
19,664,12:00:00,2017-11-19,20
20,581,09:00:00,2017-10-07,20
21,852,21:00:00,2017-10-13,40
22,738,15:00:00,2017-12-14,20
23,101,18:00:00,2017-11-13,30
24,25,09:00:00,2017-08-04,45
25,26,18:00:00,2017-11-05,35
26,634,15:00:00,2017-09-29,25
27,901,15:00:00,2017-11-27,45
28,599,18:00:00,2017-12-01,20
29,461,18:00:00,2017-12-05,40
30,176,21:00:00,2017-09-06,20
31,277,12:00:00,2017-09-12,25
32,311,15:00:00,2017-09-13,40
33,121,12:00:00,2017-11-30,35
34,908,12:00:00,2017-09-04,50
35,672,21:00:00,2017-12-10,25
36,631,12:00:00,2017-10-17,20
37,708,18:00:00,2017-08-24,40
38,195,09:00:00,2017-08-22,45
39,20,12:00:00,2017-08-16,45
40,271,09:00:00,2017-11-01,45
41,772,18:00:00,2017-09-08,25
42,540,12:00:00,2017-09-07,20
43,347,12:00:00,2017-10-09,40
44,642,12:00:00,2017-08-28,40
45,598,18:00:00,2017-09-01,50
46,368,21:00:00,2017-12-08,30
47,841,18:00:00,2017-11-19,50
48,134,21:00:00,2017-10-01,40
49,393,12:00:00,2017-10-18,35
50,22,12:00:00,2017-10-30,25
51,979,15:00:00,2017-10-03,50
52,677,12:00:00,2017-09-09,30
53,352,12:00:00,2017-08-21,35
54,213,15:00:00,2017-11-04,25
55,414,21:00:00,2017-12-09,30
56,297,15:00:00,2017-08-12,30
57,638,12:00:00,2017-12-16,50
58,222,18:00:00,2017-12-27,35
59,352,21:00:00,2017-11-04,50
60,209,18:00:00,2017-09-30,25
61,901,12:00:00,2017-11-06,45
62,86,21:00:00,2017-10-17,45
63,231,15:00:00,2017-10-09,25
64,209,21:00:00,2017-11-02,40
65,148,21:00:00,2017-09-30,45
66,901,21:00:00,2017-10-23,25
67,364,09:00:00,2017-11-11,50
68,353,09:00:00,2017-09-29,25
69,115,21:00:00,2017-08-22,35
70,734,15:00:00,2017-08-24,25
71,818,21:00:00,2017-08-18,35
72,590,12:00:00,2017-11-02,45
73,830,21:00:00,2017-09-30,40
74,175,12:00:00,2017-08-02,45
75,545,21:00:00,2017-11-04,35
76,581,12:00:00,2017-09-10,40
77,547,15:00:00,2017-09-21,30
78,539,12:00:00,2017-10-29,50
79,909,15:00:00,2017-09-14,35
80,489,21:00:00,2017-12-08,45
81,13,18:00:00,2017-11-08,40
82,568,15:00:00,2017-11-04,25
83,340,12:00:00,2017-08-04,35
84,842,15:00:00,2017-09-03,35
85,824,09:00:00,2017-10-30,25
86,130,15:00:00,2017-11-09,50
87,67,09:00:00,2017-11-23,45
88,822,21:00:00,2017-10-19,45
89,841,18:00:00,2017-11-13,45
90,990,15:00:00,2017-11-19,45
91,217,18:00:00,2017-12-21,45
92,232,15:00:00,2017-09-15,20
93,976,12:00:00,2017-08-25,40
94,659,12:00:00,2017-08-27,25
95,835,12:00:00,2017-11-01,45
96,59,15:00:00,2017-10-23,50
97,484,09:00:00,2017-11-01,50
98,82,18:00:00,2017-10-08,50
99,175,15:00:00,2017-10-05,50
100,925,09:00:00,2017-12-25,25
101,542,18:00:00,2017-08-16,35
102,53,12:00:00,2017-09-20,30
103,398,21:00:00,2017-08-26,50
104,521,21:00:00,2017-08-04,25
105,941,21:00:00,2017-09-24,20
106,660,15:00:00,2017-08-30,30
107,992,09:00:00,2017-08-19,35
108,686,15:00:00,2017-11-05,20
109,640,12:00:00,2017-10-08,25
110,506,18:00:00,2017-11-21,40
111,360,18:00:00,2017-11-04,20
112,277,12:00:00,2017-08-13,50
113,364,09:00:00,2017-11-27,50
114,599,15:00:00,2017-12-30,45
115,894,18:00:00,2017-08-24,35
116,646,21:00:00,2017-11-22,30
117,824,09:00:00,2017-08-27,20
118,400,09:00:00,2017-10-21,25
119,939,12:00:00,2017-10-31,20
120,666,21:00:00,2017-10-12,35
121,934,15:00:00,2017-10-26,45
122,84,09:00:00,2017-09-04,20
123,38,15:00:00,2017-12-01,40
124,937,09:00:00,2017-08-01,45
125,365,15:00:00,2017-11-04,35
126,681,12:00:00,2017-12-08,30
127,488,15:00:00,2017-11-15,50
128,277,18:00:00,2017-11-11,40
129,277,18:00:00,2017-09-23,45
130,616,12:00:00,2017-10-09,50
131,612,09:00:00,2017-12-01,45
132,571,18:00:00,2017-08-20,40
133,331,12:00:00,2017-10-29,20
134,352,09:00:00,2017-09-02,25
135,298,15:00:00,2017-09-15,20
136,30,18:00:00,2017-10-09,30
137,773,12:00:00,2017-12-12,50
138,868,12:00:00,2017-08-29,25
139,222,18:00:00,2017-11-02,50
140,798,15:00:00,2017-08-02,45
141,721,21:00:00,2017-10-21,50
142,185,18:00:00,2017-11-13,20
143,362,21:00:00,2017-10-20,40
144,965,12:00:00,2017-11-06,35
145,538,18:00:00,2017-11-11,35
146,460,15:00:00,2017-11-29,20
147,67,12:00:00,2017-10-30,50
148,156,09:00:00,2017-08-29,40
149,288,12:00:00,2017-10-08,35
150,741,15:00:00,2017-08-02,25
151,202,12:00:00,2017-12-26,20
152,690,15:00:00,2017-12-01,20
153,927,15:00:00,2017-08-28,45
154,333,15:00:00,2017-12-03,25
155,604,21:00:00,2017-11-08,25
156,606,09:00:00,2017-08-21,35
157,462,21:00:00,2017-12-14,50
158,707,15:00:00,2017-10-08,30
159,692,21:00:00,2017-10-14,25
160,112,15:00:00,2017-12-12,20
161,736,21:00:00,2017-10-10,50
162,213,21:00:00,2017-09-02,40
163,84,12:00:00,2017-11-30,40
164,400,21:00:00,2017-12-15,25
165,543,09:00:00,2017-11-13,40
166,353,09:00:00,2017-10-24,35
167,398,12:00:00,2017-11-11,40
168,693,12:00:00,2017-09-14,20
169,863,21:00:00,2017-09-06,30
170,592,15:00:00,2017-11-05,25
171,185,21:00:00,2017-10-23,35
172,935,12:00:00,2017-10-26,40
173,480,18:00:00,2017-08-23,50
174,118,09:00:00,2017-10-24,50
175,658,15:00:00,2017-09-19,35
176,818,12:00:00,2017-10-21,50
177,182,18:00:00,2017-08-28,50
178,373,21:00:00,2017-10-02,40
179,222,12:00:00,2017-10-06,50
180,36,18:00:00,2017-11-17,35
181,580,21:00:00,2017-10-02,40
182,826,21:00:00,2017-08-03,45
183,140,12:00:00,2017-10-12,40
184,472,09:00:00,2017-11-13,30
185,37,12:00:00,2017-10-07,30
186,556,09:00:00,2017-11-22,20
187,281,21:00:00,2017-10-12,45
188,901,12:00:00,2017-11-02,25
189,33,12:00:00,2017-11-26,25
190,695,21:00:00,2017-08-06,20
191,829,21:00:00,2017-10-19,30
192,588,21:00:00,2017-12-22,35
193,398,18:00:00,2017-11-01,45
194,874,21:00:00,2017-11-18,50
195,971,18:00:00,2017-12-30,30
196,107,18:00:00,2017-11-20,50
197,879,12:00:00,2017-11-23,30
198,743,09:00:00,2017-12-25,35
199,261,21:00:00,2017-09-26,40
200,150,09:00:00,2017-09-21,30
201,156,15:00:00,2017-08-03,30
202,265,21:00:00,2017-12-27,35
203,544,18:00:00,2017-09-03,30
204,215,21:00:00,2017-10-20,20
205,134,12:00:00,2017-10-08,45
206,385,09:00:00,2017-09-27,40
207,387,18:00:00,2017-10-09,50
208,852,21:00:00,2017-09-23,20
209,844,09:00:00,2017-10-06,30
210,510,15:00:00,2017-10-02,50
211,389,15:00:00,2017-12-23,30
212,268,12:00:00,2017-12-14,30
213,221,15:00:00,2017-11-25,45
214,102,09:00:00,2017-10-01,30
215,928,09:00:00,2017-12-15,35
216,623,09:00:00,2017-11-01,20
217,572,09:00:00,2017-12-03,35
218,873,09:00:00,2017-08-07,35
219,342,18:00:00,2017-11-13,45
220,427,21:00:00,2017-08-17,45
221,730,21:00:00,2017-10-18,30
222,92,18:00:00,2017-09-08,30
223,606,21:00:00,2017-08-21,50
224,31,12:00:00,2017-09-25,30
225,420,21:00:00,2017-10-18,30
226,863,12:00:00,2017-08-16,40
227,33,09:00:00,2017-12-07,25
228,150,21:00:00,2017-11-11,45
229,983,09:00:00,2017-09-16,50
230,599,15:00:00,2017-09-19,45
231,531,12:00:00,2017-10-08,40
232,770,21:00:00,2017-08-06,35
233,822,09:00:00,2017-11-26,50
234,468,09:00:00,2017-10-07,25
235,968,12:00:00,2017-08-16,35
236,943,21:00:00,2017-12-18,25
237,993,15:00:00,2017-11-12,25
238,563,18:00:00,2017-10-11,30
239,886,12:00:00,2017-10-31,25
240,432,18:00:00,2017-08-03,50
241,696,15:00:00,2017-12-18,50
242,179,18:00:00,2017-12-16,25
243,414,12:00:00,2017-11-06,35
244,222,15:00:00,2017-10-02,35
245,600,18:00:00,2017-11-30,20
246,868,09:00:00,2017-08-12,50
247,880,15:00:00,2017-09-02,35
248,695,15:00:00,2017-10-07,30
249,155,21:00:00,2017-08-06,35
250,817,09:00:00,2017-11-11,35
251,920,09:00:00,2017-10-12,35
252,811,15:00:00,2017-11-24,50
253,906,15:00:00,2017-10-20,35
254,645,12:00:00,2017-11-25,45
255,278,15:00:00,2017-12-28,30
256,707,21:00:00,2017-09-11,40
257,562,18:00:00,2017-10-08,40
258,718,21:00:00,2017-10-29,25
259,480,12:00:00,2017-10-24,50
260,439,21:00:00,2017-11-25,40
261,925,21:00:00,2017-08-20,40
262,205,15:00:00,2017-08-21,20
263,370,18:00:00,2017-11-25,45
264,356,12:00:00,2017-08-03,50
265,819,12:00:00,2017-10-27,25
266,365,18:00:00,2017-10-06,20
267,982,15:00:00,2017-09-07,25
268,653,18:00:00,2017-12-15,30
269,112,09:00:00,2017-09-01,20
270,925,21:00:00,2017-11-14,30
271,371,18:00:00,2017-10-25,25
272,49,18:00:00,2017-09-23,35
273,942,15:00:00,2017-10-09,20
274,693,15:00:00,2017-12-08,45
275,933,09:00:00,2017-10-11,30
276,602,12:00:00,2017-12-24,40
277,357,09:00:00,2017-10-08,30
278,908,15:00:00,2017-11-25,45
279,361,12:00:00,2017-11-12,45
280,299,18:00:00,2017-12-02,50
281,864,21:00:00,2017-11-06,45
282,101,21:00:00,2017-08-22,40
283,286,18:00:00,2017-10-17,45
284,829,18:00:00,2017-12-02,20
285,992,12:00:00,2017-12-16,25
286,582,12:00:00,2017-08-12,25
287,982,21:00:00,2017-11-13,25
288,322,18:00:00,2017-11-27,50
289,374,21:00:00,2017-12-01,20
290,285,09:00:00,2017-11-18,25
291,688,15:00:00,2017-12-13,45
292,641,21:00:00,2017-09-19,20
293,844,09:00:00,2017-12-04,50
294,547,09:00:00,2017-08-31,20
295,193,09:00:00,2017-12-03,25
296,390,21:00:00,2017-11-29,25
297,390,09:00:00,2017-10-20,20
298,982,21:00:00,2017-10-31,45
299,685,18:00:00,2017-11-02,40
300,238,12:00:00,2017-12-16,45
301,86,12:00:00,2017-12-27,25
302,338,18:00:00,2017-09-11,20
303,965,18:00:00,2017-08-30,35
304,923,12:00:00,2017-09-06,35
305,594,12:00:00,2017-08-16,20
306,172,09:00:00,2017-11-03,25
307,498,09:00:00,2017-12-23,45
308,95,21:00:00,2017-09-23,35
309,593,09:00:00,2017-11-20,30
310,757,18:00:00,2017-08-19,25
311,38,21:00:00,2017-11-09,30
312,179,09:00:00,2017-12-29,20
313,718,09:00:00,2017-10-13,40
314,820,15:00:00,2017-10-02,50
315,260,15:00:00,2017-12-08,45
316,90,21:00:00,2017-08-22,35
317,710,12:00:00,2017-08-17,35
318,450,21:00:00,2017-08-19,35
319,273,15:00:00,2017-08-06,30
320,222,12:00:00,2017-09-27,25
321,651,21:00:00,2017-09-08,45
322,799,21:00:00,2017-09-11,35
323,642,09:00:00,2017-10-20,45
324,347,15:00:00,2017-11-27,50
325,428,15:00:00,2017-11-12,50
326,726,12:00:00,2017-09-24,45
327,80,18:00:00,2017-08-26,35
328,220,12:00:00,2017-09-13,35
329,960,21:00:00,2017-08-17,35
330,352,12:00:00,2017-09-13,30
331,932,15:00:00,2017-08-05,40
332,137,18:00:00,2017-10-08,40
333,555,09:00:00,2017-08-24,20
334,142,12:00:00,2017-11-17,25
335,424,21:00:00,2017-12-06,25
336,526,12:00:00,2017-11-11,30
337,115,12:00:00,2017-09-25,20
338,667,12:00:00,2017-10-24,45
339,359,09:00:00,2017-09-22,35
340,170,21:00:00,2017-09-25,45
341,686,18:00:00,2017-09-03,25
342,125,15:00:00,2017-09-01,25
343,713,21:00:00,2017-12-23,25
344,106,12:00:00,2017-11-17,20
345,89,12:00:00,2017-12-21,45
346,393,12:00:00,2017-11-12,45
347,755,21:00:00,2017-12-14,30
348,630,21:00:00,2017-11-13,50
349,160,09:00:00,2017-09-24,35
350,261,09:00:00,2017-10-13,30
351,982,18:00:00,2017-12-16,30
352,187,15:00:00,2017-10-06,25
353,419,18:00:00,2017-10-29,50
354,381,18:00:00,2017-08-09,20
355,490,21:00:00,2017-08-20,40
356,633,15:00:00,2017-08-03,35
357,537,15:00:00,2017-10-19,45
358,798,18:00:00,2017-11-10,30
359,715,15:00:00,2017-08-01,25
360,710,21:00:00,2017-11-22,50
361,448,09:00:00,2017-08-27,40
362,725,15:00:00,2017-08-03,20
363,275,09:00:00,2017-11-08,35
364,439,12:00:00,2017-08-07,20
365,880,21:00:00,2017-11-02,40
366,863,21:00:00,2017-08-08,40
367,435,18:00:00,2017-10-05,35
368,541,12:00:00,2017-12-19,20
369,980,09:00:00,2017-12-13,30
370,556,15:00:00,2017-11-05,50
371,333,09:00:00,2017-11-29,25
372,651,09:00:00,2017-12-25,25
373,805,18:00:00,2017-10-01,25
374,599,18:00:00,2017-09-06,50
375,642,18:00:00,2017-08-23,35
376,852,09:00:00,2017-11-01,30
377,538,09:00:00,2017-11-26,30
378,184,12:00:00,2017-12-31,30
379,760,21:00:00,2017-08-21,20
380,62,15:00:00,2017-12-08,40
381,938,21:00:00,2017-10-27,40
382,746,18:00:00,2017-12-16,20
383,974,09:00:00,2017-08-29,30
384,584,12:00:00,2017-09-15,50
385,486,12:00:00,2017-12-14,25
386,691,21:00:00,2017-08-31,50
387,147,15:00:00,2017-08-22,50
388,311,15:00:00,2017-08-14,35
389,444,15:00:00,2017-09-28,20
390,112,21:00:00,2017-09-08,40
391,926,12:00:00,2017-09-11,45
392,272,18:00:00,2017-09-29,40
393,99,12:00:00,2017-08-06,35
394,185,12:00:00,2017-10-14,25
395,209,09:00:00,2017-10-27,40
396,815,18:00:00,2017-08-12,45
397,893,15:00:00,2017-09-26,45
398,879,21:00:00,2017-11-15,40
399,125,21:00:00,2017-08-05,45
400,264,21:00:00,2017-11-11,40
401,908,12:00:00,2017-10-22,30
402,509,15:00:00,2017-12-20,20
403,131,18:00:00,2017-11-10,25
404,656,18:00:00,2017-09-26,25
405,125,15:00:00,2017-08-13,40
406,772,12:00:00,2017-09-24,20
407,384,18:00:00,2017-09-18,40
408,680,12:00:00,2017-09-24,20
409,908,12:00:00,2017-08-22,20
410,224,15:00:00,2017-08-05,20
411,135,12:00:00,2017-10-23,35
412,493,12:00:00,2017-10-06,40
413,854,09:00:00,2017-10-23,25
414,299,18:00:00,2017-08-08,20
415,721,12:00:00,2017-09-28,40
416,277,21:00:00,2017-10-06,45
417,286,12:00:00,2017-12-06,25
418,106,15:00:00,2017-12-10,40
419,450,12:00:00,2017-09-07,35
420,148,18:00:00,2017-10-13,30
421,131,21:00:00,2017-12-18,40
422,427,12:00:00,2017-12-05,45
423,49,09:00:00,2017-12-07,30
424,546,12:00:00,2017-08-15,25
425,418,21:00:00,2017-11-12,20
426,833,15:00:00,2017-09-15,30
427,48,18:00:00,2017-11-29,25
428,367,09:00:00,2017-08-17,45
429,126,09:00:00,2017-12-05,35
430,666,18:00:00,2017-11-16,25
431,422,21:00:00,2017-08-13,20
432,347,18:00:00,2017-10-14,40
433,463,09:00:00,2017-10-19,25
434,67,12:00:00,2017-08-19,20
435,492,15:00:00,2017-08-12,20
436,460,09:00:00,2017-08-19,20
437,864,21:00:00,2017-09-16,50
438,427,09:00:00,2017-08-06,25
439,149,21:00:00,2017-10-01,20
440,117,15:00:00,2017-12-26,35
441,777,15:00:00,2017-09-15,30
442,12,18:00:00,2017-11-24,25
443,253,18:00:00,2017-10-25,40
444,451,12:00:00,2017-09-24,45
445,935,21:00:00,2017-10-11,25
446,154,15:00:00,2017-08-17,50
447,777,21:00:00,2017-10-03,30
448,979,15:00:00,2017-10-17,45
449,708,12:00:00,2017-11-05,35
450,97,18:00:00,2017-11-17,45
451,658,09:00:00,2017-12-14,20
452,680,12:00:00,2017-08-14,25
453,498,15:00:00,2017-12-09,35
454,886,18:00:00,2017-09-24,35
455,594,15:00:00,2017-09-04,40
456,286,18:00:00,2017-08-04,35
457,645,12:00:00,2017-08-30,30
458,573,21:00:00,2017-08-16,40
459,273,15:00:00,2017-10-10,40
460,448,21:00:00,2017-12-04,25
461,348,12:00:00,2017-09-18,40
462,521,12:00:00,2017-10-05,40
463,48,21:00:00,2017-09-02,45
464,542,21:00:00,2017-08-14,45
465,775,15:00:00,2017-11-09,45
466,19,21:00:00,2017-12-31,30
467,667,15:00:00,2017-10-14,25
468,32,09:00:00,2017-12-31,30
469,949,21:00:00,2017-10-16,40
470,493,21:00:00,2017-12-03,35
471,618,15:00:00,2017-08-15,35
472,316,15:00:00,2017-08-04,20
473,51,09:00:00,2017-10-02,20
474,175,18:00:00,2017-09-18,40
475,820,15:00:00,2017-12-29,40
476,114,15:00:00,2017-09-02,20
477,200,15:00:00,2017-12-09,50
478,148,21:00:00,2017-10-10,45
479,70,09:00:00,2017-08-24,50
480,775,15:00:00,2017-10-21,35
481,276,21:00:00,2017-09-08,40
482,27,15:00:00,2017-09-16,45
483,928,18:00:00,2017-10-05,20
484,281,18:00:00,2017-08-07,50
485,713,21:00:00,2017-11-07,50
486,126,15:00:00,2017-08-12,50
487,148,12:00:00,2017-12-22,25
488,227,09:00:00,2017-12-31,50
489,908,12:00:00,2017-12-26,40
490,38,12:00:00,2017-12-12,25
491,767,18:00:00,2017-10-14,35
492,221,18:00:00,2017-10-15,40
493,650,15:00:00,2017-10-28,30
494,612,12:00:00,2017-11-01,40
495,690,15:00:00,2017-11-02,50
496,553,18:00:00,2017-11-17,20
497,864,12:00:00,2017-10-14,25
498,857,21:00:00,2017-10-27,30
499,814,21:00:00,2017-08-20,25
500,768,09:00:00,2017-10-10,35
501,781,15:00:00,2017-09-24,35
502,392,09:00:00,2017-10-27,20
503,97,21:00:00,2017-12-09,20
504,512,12:00:00,2017-10-10,45
505,557,21:00:00,2017-10-01,35
506,813,15:00:00,2017-11-01,50
507,126,15:00:00,2017-10-19,35
508,716,12:00:00,2017-08-04,45
509,283,18:00:00,2017-10-03,40
510,291,15:00:00,2017-12-14,30
511,306,21:00:00,2017-08-29,45
512,954,09:00:00,2017-08-09,45
513,357,18:00:00,2017-08-16,30
514,604,12:00:00,2017-11-06,20
515,245,15:00:00,2017-10-14,50
516,896,12:00:00,2017-08-18,40
517,963,12:00:00,2017-11-19,50
518,985,09:00:00,2017-11-02,35
519,768,15:00:00,2017-10-05,20
520,221,09:00:00,2017-11-21,45
521,37,15:00:00,2017-08-15,35
522,238,15:00:00,2017-12-23,35
523,435,15:00:00,2017-08-21,30
524,310,21:00:00,2017-12-07,40
525,323,15:00:00,2017-08-02,45
526,112,18:00:00,2017-10-15,30
527,622,09:00:00,2017-12-17,35
528,686,09:00:00,2017-10-14,35
529,221,15:00:00,2017-12-22,25
530,302,09:00:00,2017-08-03,30
531,843,18:00:00,2017-11-12,40
532,406,15:00:00,2017-11-14,20
533,300,18:00:00,2017-08-28,45
534,111,12:00:00,2017-10-24,50
535,18,09:00:00,2017-09-25,25
536,323,09:00:00,2017-09-08,35
537,253,12:00:00,2017-10-03,35
538,808,18:00:00,2017-11-17,50
539,703,09:00:00,2017-09-20,20
540,428,21:00:00,2017-12-12,25
541,722,18:00:00,2017-12-18,30
542,600,18:00:00,2017-12-03,35
543,17,21:00:00,2017-12-02,40
544,555,12:00:00,2017-11-28,40
545,375,21:00:00,2017-10-04,20
546,389,15:00:00,2017-09-27,50
547,719,15:00:00,2017-10-05,30
548,949,12:00:00,2017-12-29,45
549,33,15:00:00,2017-12-26,20
550,546,21:00:00,2017-11-18,45
551,253,18:00:00,2017-11-22,25
552,592,15:00:00,2017-09-01,50
553,31,09:00:00,2017-12-25,30
554,491,15:00:00,2017-12-08,40
555,359,21:00:00,2017-09-24,35
556,908,12:00:00,2017-08-10,50
557,338,18:00:00,2017-08-13,45
558,286,09:00:00,2017-10-28,30
559,283,12:00:00,2017-11-07,25
560,236,12:00:00,2017-09-20,20
561,715,09:00:00,2017-11-07,20
562,781,18:00:00,2017-10-14,20
563,126,18:00:00,2017-10-06,25
564,97,09:00:00,2017-10-29,20
565,78,15:00:00,2017-12-17,35
566,429,12:00:00,2017-09-01,50
567,686,12:00:00,2017-11-22,40
568,138,15:00:00,2017-08-27,50
569,282,18:00:00,2017-12-21,35
570,175,15:00:00,2017-10-17,40
571,931,12:00:00,2017-11-13,20
572,321,21:00:00,2017-09-09,35
573,78,21:00:00,2017-12-13,20
574,772,21:00:00,2017-11-05,40
575,179,15:00:00,2017-12-27,45
576,74,12:00:00,2017-12-06,30
577,330,12:00:00,2017-11-25,20
578,935,21:00:00,2017-12-04,40
579,472,18:00:00,2017-08-17,40
580,640,09:00:00,2017-11-12,25
581,807,09:00:00,2017-09-30,40
582,785,18:00:00,2017-12-10,40
583,362,21:00:00,2017-12-10,35
584,994,09:00:00,2017-08-24,40
585,134,15:00:00,2017-09-10,45
586,407,21:00:00,2017-09-22,45
587,343,09:00:00,2017-09-29,25
588,854,21:00:00,2017-11-21,20
589,563,15:00:00,2017-10-18,40
590,598,18:00:00,2017-10-30,45
591,653,12:00:00,2017-11-15,35
592,699,21:00:00,2017-12-16,50
593,374,12:00:00,2017-11-29,40
594,100,09:00:00,2017-12-23,40
595,299,21:00:00,2017-11-24,45
596,543,09:00:00,2017-12-04,50
597,198,15:00:00,2017-10-31,40
598,185,12:00:00,2017-09-02,40
599,850,12:00:00,2017-09-20,40
600,621,15:00:00,2017-11-01,40
601,901,15:00:00,2017-10-27,25
602,686,12:00:00,2017-10-10,45
603,820,09:00:00,2017-10-11,30
604,347,12:00:00,2017-08-07,20
605,113,21:00:00,2017-08-27,25
606,365,12:00:00,2017-10-01,40
607,74,15:00:00,2017-08-20,35
608,434,18:00:00,2017-12-25,35
609,984,09:00:00,2017-10-23,20
610,209,12:00:00,2017-08-08,45
611,166,09:00:00,2017-08-07,30
612,645,21:00:00,2017-08-27,35
613,672,15:00:00,2017-10-16,30
614,102,18:00:00,2017-11-20,25
615,95,18:00:00,2017-10-17,30
616,43,18:00:00,2017-11-23,35
617,173,12:00:00,2017-11-01,20
618,340,21:00:00,2017-11-19,45
619,562,12:00:00,2017-11-07,30
620,306,15:00:00,2017-10-30,45
621,984,12:00:00,2017-09-10,35
622,306,21:00:00,2017-10-11,50
623,436,09:00:00,2017-10-31,50
624,543,15:00:00,2017-09-16,45
625,563,21:00:00,2017-08-10,30
626,522,18:00:00,2017-11-13,50
627,723,09:00:00,2017-12-25,25
628,508,15:00:00,2017-11-25,20
629,658,12:00:00,2017-11-12,25
630,383,09:00:00,2017-08-31,35
631,575,12:00:00,2017-12-26,40
632,359,09:00:00,2017-08-23,40
633,629,21:00:00,2017-08-08,50
634,684,15:00:00,2017-11-25,50
635,393,15:00:00,2017-11-09,20
636,730,15:00:00,2017-10-11,30
637,189,09:00:00,2017-11-04,30
638,94,09:00:00,2017-09-09,35
639,378,12:00:00,2017-12-28,30
640,516,09:00:00,2017-10-22,35
641,296,12:00:00,2017-12-16,25
642,99,09:00:00,2017-08-13,30
643,835,12:00:00,2017-09-09,20
644,618,12:00:00,2017-08-30,40
645,282,09:00:00,2017-12-16,45
646,519,18:00:00,2017-09-12,50
647,560,21:00:00,2017-10-27,45
648,489,09:00:00,2017-12-12,35
649,730,12:00:00,2017-08-26,35
650,936,15:00:00,2017-10-12,35
651,700,18:00:00,2017-08-01,25
652,275,09:00:00,2017-11-08,20
653,767,18:00:00,2017-11-09,20
654,632,12:00:00,2017-10-20,25
655,922,15:00:00,2017-08-24,20
656,247,15:00:00,2017-09-29,40
657,222,12:00:00,2017-12-19,45
658,431,21:00:00,2017-09-22,25
659,993,18:00:00,2017-10-20,20
660,138,09:00:00,2017-11-28,40
661,422,09:00:00,2017-10-28,20
662,79,21:00:00,2017-09-07,30
663,187,15:00:00,2017-08-08,40
664,853,18:00:00,2017-08-04,50
665,618,12:00:00,2017-12-25,20
666,179,21:00:00,2017-11-09,35
667,713,09:00:00,2017-10-24,30
668,726,09:00:00,2017-10-28,25
669,814,12:00:00,2017-12-19,40
670,111,12:00:00,2017-10-18,45
671,875,09:00:00,2017-09-02,30
672,888,21:00:00,2017-09-09,30
673,696,12:00:00,2017-10-20,50
674,715,21:00:00,2017-08-27,20
675,250,15:00:00,2017-12-20,40
676,326,21:00:00,2017-08-11,40
677,690,18:00:00,2017-11-05,45
678,331,18:00:00,2017-09-15,25
679,494,12:00:00,2017-08-01,45
680,414,12:00:00,2017-12-19,40
681,158,15:00:00,2017-10-27,20
682,259,12:00:00,2017-12-13,45
683,508,09:00:00,2017-11-23,35
684,286,15:00:00,2017-09-15,45
685,232,09:00:00,2017-09-10,20
686,414,09:00:00,2017-12-09,30
687,953,18:00:00,2017-11-29,45
688,752,09:00:00,2017-08-14,40
689,651,09:00:00,2017-08-14,25
690,101,18:00:00,2017-10-28,30
691,613,15:00:00,2017-09-04,45
692,305,15:00:00,2017-12-21,40
693,536,18:00:00,2017-11-02,25
694,229,15:00:00,2017-08-03,45
695,209,15:00:00,2017-08-17,35
696,231,09:00:00,2017-11-17,50
697,498,21:00:00,2017-11-30,40
698,421,15:00:00,2017-10-08,45
699,793,09:00:00,2017-08-03,20
700,833,18:00:00,2017-11-12,20
701,670,12:00:00,2017-10-07,20
702,435,09:00:00,2017-11-29,25
703,187,18:00:00,2017-11-24,20
704,799,21:00:00,2017-10-16,40
705,940,18:00:00,2017-11-02,35
706,221,09:00:00,2017-09-22,20
707,333,12:00:00,2017-11-12,50
708,856,09:00:00,2017-09-17,20
709,818,09:00:00,2017-12-23,45
710,275,21:00:00,2017-08-29,30
711,439,18:00:00,2017-12-27,50
712,22,21:00:00,2017-08-10,20
713,772,21:00:00,2017-09-29,25
714,493,12:00:00,2017-09-02,50
715,559,09:00:00,2017-09-10,35
716,158,21:00:00,2017-08-09,45
717,820,15:00:00,2017-11-23,40
718,297,12:00:00,2017-11-18,35
719,554,09:00:00,2017-09-23,45
720,809,12:00:00,2017-08-03,20
721,538,09:00:00,2017-09-11,50
722,791,21:00:00,2017-10-01,50
723,393,09:00:00,2017-10-12,50
724,749,15:00:00,2017-08-30,50
725,626,09:00:00,2017-08-09,45
726,937,12:00:00,2017-12-11,45
727,304,21:00:00,2017-11-19,45
728,828,09:00:00,2017-11-16,35
729,19,21:00:00,2017-12-13,20
730,93,15:00:00,2017-10-03,45
731,592,15:00:00,2017-08-02,30
732,935,21:00:00,2017-08-17,30
733,994,09:00:00,2017-10-21,35
734,799,21:00:00,2017-12-14,40
735,455,12:00:00,2017-12-06,20
736,488,18:00:00,2017-09-02,20
737,489,21:00:00,2017-08-22,40
738,510,21:00:00,2017-09-25,50
739,559,18:00:00,2017-12-29,35
740,51,15:00:00,2017-11-02,35
741,97,18:00:00,2017-10-31,40
742,13,18:00:00,2017-11-20,30
743,947,15:00:00,2017-12-09,25
744,581,09:00:00,2017-09-24,20
745,144,21:00:00,2017-08-28,20
746,455,21:00:00,2017-10-26,25
747,280,09:00:00,2017-11-09,35
748,155,12:00:00,2017-08-31,40
749,59,09:00:00,2017-08-15,30
750,49,09:00:00,2017-12-18,20
751,414,12:00:00,2017-10-21,35
752,148,18:00:00,2017-08-30,20
753,407,12:00:00,2017-08-31,35
754,563,15:00:00,2017-12-04,50
755,415,21:00:00,2017-12-25,30
756,360,09:00:00,2017-11-08,30
757,659,21:00:00,2017-11-28,50
758,634,15:00:00,2017-11-24,20
759,299,21:00:00,2017-12-29,25
760,672,12:00:00,2017-10-04,40
761,680,18:00:00,2017-11-02,50
762,942,15:00:00,2017-11-29,50
763,111,12:00:00,2017-11-23,40
764,356,21:00:00,2017-09-28,50
765,752,12:00:00,2017-11-07,25
766,111,15:00:00,2017-09-27,30
767,917,18:00:00,2017-10-09,45
768,675,21:00:00,2017-09-09,30
769,388,15:00:00,2017-08-01,40
770,938,15:00:00,2017-10-04,35
771,2,18:00:00,2017-09-27,50
772,282,21:00:00,2017-10-27,35
773,899,12:00:00,2017-10-20,25
774,61,18:00:00,2017-11-20,45
775,342,15:00:00,2017-10-12,20
776,469,21:00:00,2017-11-13,30
777,134,12:00:00,2017-11-26,25
778,343,12:00:00,2017-12-31,20
779,478,15:00:00,2017-10-28,30
780,862,15:00:00,2017-08-07,45
781,818,21:00:00,2017-09-05,45
782,756,12:00:00,2017-10-26,45
783,781,21:00:00,2017-08-06,40
784,123,15:00:00,2017-10-20,50
785,638,15:00:00,2017-08-19,40
786,841,18:00:00,2017-08-27,25
787,642,21:00:00,2017-11-26,30
788,665,15:00:00,2017-12-14,30
789,791,15:00:00,2017-11-17,45
790,860,21:00:00,2017-09-17,20
791,126,09:00:00,2017-08-16,45
792,290,15:00:00,2017-11-13,25
793,123,09:00:00,2017-09-29,50
794,430,12:00:00,2017-11-04,50
795,285,09:00:00,2017-11-17,30
796,817,18:00:00,2017-10-31,30
797,453,18:00:00,2017-10-01,45
798,376,18:00:00,2017-09-06,50
799,707,12:00:00,2017-11-19,40
800,658,09:00:00,2017-09-10,25
801,872,18:00:00,2017-12-20,45
802,126,12:00:00,2017-08-22,25
803,895,15:00:00,2017-12-03,35
804,991,21:00:00,2017-10-07,25
805,212,18:00:00,2017-09-15,40
806,190,09:00:00,2017-09-12,40
807,224,09:00:00,2017-10-24,50
808,871,21:00:00,2017-12-25,25
809,855,12:00:00,2017-09-08,30
810,520,18:00:00,2017-08-15,30
811,504,18:00:00,2017-12-05,25
812,123,12:00:00,2017-10-31,45
813,624,12:00:00,2017-11-05,45
814,145,18:00:00,2017-10-05,20
815,158,12:00:00,2017-10-18,20
816,542,12:00:00,2017-08-15,45
817,457,15:00:00,2017-11-24,35
818,785,12:00:00,2017-10-04,40
819,799,15:00:00,2017-09-23,25
820,339,18:00:00,2017-09-06,45
821,125,18:00:00,2017-11-14,25
822,785,09:00:00,2017-10-06,50
823,543,21:00:00,2017-09-22,45
824,971,21:00:00,2017-11-05,40
825,937,21:00:00,2017-11-16,40
826,794,21:00:00,2017-08-03,40
827,411,18:00:00,2017-08-05,40
828,982,18:00:00,2017-11-29,20
829,601,21:00:00,2017-10-10,45
830,439,15:00:00,2017-09-20,25
831,645,15:00:00,2017-10-06,20
832,301,18:00:00,2017-12-10,45
833,603,18:00:00,2017-10-16,30
834,455,15:00:00,2017-11-14,30
835,518,18:00:00,2017-10-12,35
836,966,15:00:00,2017-12-04,20
837,752,12:00:00,2017-09-10,40
838,640,09:00:00,2017-10-06,35
839,982,15:00:00,2017-08-01,35
840,145,12:00:00,2017-12-28,40
841,422,09:00:00,2017-10-16,35
842,795,12:00:00,2017-08-23,40
843,518,21:00:00,2017-12-01,40
844,225,15:00:00,2017-08-30,50
845,84,18:00:00,2017-08-14,25
846,161,12:00:00,2017-12-27,20
847,954,21:00:00,2017-12-31,20
848,342,09:00:00,2017-08-26,20
849,663,09:00:00,2017-12-25,50
850,371,12:00:00,2017-08-02,25
851,19,09:00:00,2017-09-08,20
852,163,21:00:00,2017-09-27,45
853,362,12:00:00,2017-12-17,20
854,568,18:00:00,2017-08-09,30
855,10,09:00:00,2017-08-14,40
856,76,09:00:00,2017-08-07,40
857,151,18:00:00,2017-12-12,20
858,117,09:00:00,2017-08-22,45
859,84,18:00:00,2017-12-16,35
860,384,21:00:00,2017-11-09,30
861,1,12:00:00,2017-11-18,20
862,455,15:00:00,2017-11-06,30
863,494,12:00:00,2017-12-05,30
864,992,12:00:00,2017-12-06,40
865,498,09:00:00,2017-11-08,50
866,748,12:00:00,2017-10-25,50
867,80,12:00:00,2017-10-01,25
868,989,21:00:00,2017-08-01,45
869,143,15:00:00,2017-11-24,40
870,114,15:00:00,2017-11-27,35
871,822,15:00:00,2017-10-14,45
872,893,21:00:00,2017-10-29,20
873,508,12:00:00,2017-08-28,40
874,589,12:00:00,2017-11-20,25
875,393,15:00:00,2017-12-12,45
876,934,09:00:00,2017-08-30,25
877,526,12:00:00,2017-09-09,50
878,306,15:00:00,2017-12-04,50
879,741,18:00:00,2017-12-31,20
880,468,18:00:00,2017-12-13,30
881,775,12:00:00,2017-11-01,40
882,349,09:00:00,2017-11-27,25
883,173,09:00:00,2017-12-21,40
884,64,09:00:00,2017-09-08,50
885,918,15:00:00,2017-09-19,30
886,465,09:00:00,2017-12-13,25
887,53,09:00:00,2017-10-10,30
888,430,12:00:00,2017-08-28,45
889,184,09:00:00,2017-12-20,30
890,756,12:00:00,2017-10-31,35
891,926,21:00:00,2017-12-22,30
892,479,09:00:00,2017-12-13,40
893,494,15:00:00,2017-09-19,45
894,693,18:00:00,2017-08-18,45
895,264,09:00:00,2017-09-24,40
896,864,15:00:00,2017-12-30,35
897,957,18:00:00,2017-09-05,35
898,123,15:00:00,2017-10-08,45
899,262,21:00:00,2017-09-20,40
900,184,09:00:00,2017-09-12,20
901,303,21:00:00,2017-11-29,40
902,568,21:00:00,2017-10-19,45
903,275,12:00:00,2017-11-10,40
904,715,15:00:00,2017-11-24,45
905,125,09:00:00,2017-08-03,30
906,124,18:00:00,2017-11-12,20
907,67,12:00:00,2017-11-07,30
908,993,09:00:00,2017-10-20,40
909,556,15:00:00,2017-12-17,50
910,483,09:00:00,2017-10-14,50
911,682,12:00:00,2017-08-04,20
912,626,09:00:00,2017-08-09,30
913,422,12:00:00,2017-08-24,20
914,952,09:00:00,2017-12-16,30
915,384,21:00:00,2017-10-16,25
916,78,09:00:00,2017-12-13,50
917,520,15:00:00,2017-08-08,30
918,505,09:00:00,2017-10-19,35
919,715,15:00:00,2017-12-16,30
920,672,21:00:00,2017-11-28,30
921,367,09:00:00,2017-08-03,40
922,965,18:00:00,2017-10-16,25
923,473,18:00:00,2017-11-25,40
924,736,18:00:00,2017-08-24,30
925,710,18:00:00,2017-12-12,30
926,188,18:00:00,2017-08-02,50
927,283,12:00:00,2017-08-20,45
928,976,21:00:00,2017-11-06,45
929,147,12:00:00,2017-11-25,40
930,672,15:00:00,2017-10-03,45
931,473,15:00:00,2017-10-04,45
932,941,21:00:00,2017-08-12,30
933,25,18:00:00,2017-09-22,45
934,718,09:00:00,2017-08-10,20
935,164,15:00:00,2017-12-04,35
936,715,21:00:00,2017-08-23,45
937,263,09:00:00,2017-12-11,20
938,362,12:00:00,2017-12-31,25
939,430,21:00:00,2017-08-03,20
940,994,15:00:00,2017-10-19,45
941,801,21:00:00,2017-08-15,40
942,873,21:00:00,2017-11-20,50
943,416,18:00:00,2017-11-15,35
944,94,09:00:00,2017-12-26,20
945,214,21:00:00,2017-08-12,40
946,999,12:00:00,2017-09-07,25
947,284,15:00:00,2017-10-25,30
948,879,12:00:00,2017-09-04,20
949,941,15:00:00,2017-08-11,20
950,696,21:00:00,2017-11-25,40
951,185,15:00:00,2017-09-28,50
952,31,09:00:00,2017-09-22,25
953,472,18:00:00,2017-09-09,40
954,457,15:00:00,2017-08-07,45
955,526,15:00:00,2017-09-12,20
956,958,09:00:00,2017-08-09,40
957,392,15:00:00,2017-11-07,30
958,228,09:00:00,2017-11-23,30
959,132,21:00:00,2017-11-16,30
960,52,12:00:00,2017-09-30,35
961,948,15:00:00,2017-11-28,50
962,724,09:00:00,2017-12-03,45
963,537,09:00:00,2017-12-22,30
964,231,09:00:00,2017-11-23,40
965,941,18:00:00,2017-08-02,45
966,391,18:00:00,2017-12-06,45
967,565,15:00:00,2017-12-30,45
968,682,18:00:00,2017-08-07,40
969,839,12:00:00,2017-08-29,40
970,707,15:00:00,2017-08-05,35
971,765,09:00:00,2017-11-13,50
972,82,09:00:00,2017-12-15,50
973,664,21:00:00,2017-12-23,45
974,423,12:00:00,2017-10-11,50
975,763,18:00:00,2017-10-26,30
976,732,12:00:00,2017-08-25,40
977,949,09:00:00,2017-08-04,50
978,412,12:00:00,2017-08-09,45
979,67,15:00:00,2017-12-18,35
980,657,12:00:00,2017-12-31,30
981,797,09:00:00,2017-12-01,35
982,175,12:00:00,2017-11-13,40
983,204,12:00:00,2017-08-24,35
984,69,09:00:00,2017-09-08,20
985,619,12:00:00,2017-08-21,30
986,222,12:00:00,2017-08-05,25
987,263,15:00:00,2017-08-02,20
988,764,12:00:00,2017-09-18,40
989,455,09:00:00,2017-10-29,45
990,572,12:00:00,2017-08-24,25
991,496,21:00:00,2017-12-29,45
992,991,21:00:00,2017-12-31,30
993,849,21:00:00,2017-10-06,20
994,311,09:00:00,2017-10-25,40
995,462,12:00:00,2017-11-14,35
996,123,12:00:00,2017-10-14,40
997,218,12:00:00,2017-10-20,30
998,519,12:00:00,2017-10-06,35
999,348,21:00:00,2017-12-26,50
1000,840,18:00:00,2017-08-04,25
1001,576,21:00:00,2017-10-11,25
1002,886,15:00:00,2017-09-05,20
1003,729,18:00:00,2017-12-07,45
1004,259,18:00:00,2017-11-21,30
1005,834,12:00:00,2017-11-13,30
1006,519,12:00:00,2017-12-24,35
1007,316,12:00:00,2017-10-07,25
1008,124,21:00:00,2017-12-09,50
1009,49,15:00:00,2017-08-09,30
1010,664,12:00:00,2017-12-19,30
1011,306,18:00:00,2017-12-01,40
1012,791,12:00:00,2017-12-19,30
1013,659,09:00:00,2017-12-27,25
1014,8,12:00:00,2017-09-11,50
1015,175,21:00:00,2017-10-26,25
1016,175,18:00:00,2017-10-02,30
1017,386,15:00:00,2017-10-06,50
1018,783,15:00:00,2017-09-28,35
1019,372,15:00:00,2017-11-27,35
1020,991,09:00:00,2017-09-23,20
1021,467,18:00:00,2017-10-30,50
1022,152,18:00:00,2017-09-22,25
1023,250,12:00:00,2017-09-24,45
1024,814,21:00:00,2017-08-14,25
1025,556,21:00:00,2017-10-22,45
1026,702,18:00:00,2017-08-02,50
1027,629,18:00:00,2017-12-24,20
1028,752,15:00:00,2017-12-24,30
1029,774,09:00:00,2017-08-25,30
1030,940,09:00:00,2017-08-24,50
1031,733,09:00:00,2017-10-06,40
1032,426,12:00:00,2017-12-26,35
1033,157,09:00:00,2017-08-28,30
1034,147,18:00:00,2017-08-01,40
1035,522,12:00:00,2017-10-01,25
1036,294,18:00:00,2017-11-04,45
1037,498,21:00:00,2017-09-04,50
1038,423,12:00:00,2017-12-09,30
1039,333,12:00:00,2017-11-11,40
1040,306,21:00:00,2017-10-30,45
1041,327,21:00:00,2017-08-18,45
1042,343,21:00:00,2017-10-24,45
1043,190,21:00:00,2017-11-22,40
1044,601,15:00:00,2017-09-17,45
1045,897,18:00:00,2017-09-23,35
1046,134,12:00:00,2017-08-15,35
1047,328,12:00:00,2017-12-13,30
1048,203,12:00:00,2017-10-08,50
1049,727,18:00:00,2017-09-17,45
1050,486,15:00:00,2017-12-18,20
1051,624,15:00:00,2017-08-25,25
1052,465,18:00:00,2017-10-28,40
1053,897,21:00:00,2017-08-02,35
1054,752,15:00:00,2017-11-26,20
1055,273,21:00:00,2017-08-22,20
1056,387,09:00:00,2017-10-05,30
1057,787,15:00:00,2017-11-15,50
1058,697,15:00:00,2017-10-18,25
1059,719,21:00:00,2017-09-04,40
1060,458,18:00:00,2017-08-11,50
1061,198,21:00:00,2017-10-31,45
1062,901,12:00:00,2017-08-14,25
1063,338,12:00:00,2017-09-14,50
1064,738,18:00:00,2017-12-18,45
1065,421,15:00:00,2017-08-05,40
1066,209,12:00:00,2017-09-17,45
1067,982,12:00:00,2017-10-24,30
1068,106,12:00:00,2017-09-02,35
1069,262,21:00:00,2017-12-14,20
1070,986,15:00:00,2017-08-23,40
1071,973,09:00:00,2017-11-21,50
1072,780,15:00:00,2017-09-19,20
1073,834,21:00:00,2017-11-08,50
1074,633,21:00:00,2017-11-19,25
1075,858,21:00:00,2017-11-09,40
1076,399,09:00:00,2017-09-18,50
1077,515,18:00:00,2017-08-21,30
1078,852,09:00:00,2017-08-03,50
1079,524,18:00:00,2017-08-03,50
1080,355,18:00:00,2017-12-16,30
1081,94,09:00:00,2017-09-16,40
1082,731,15:00:00,2017-10-28,25
1083,727,21:00:00,2017-10-24,30
1084,26,21:00:00,2017-08-05,30
1085,631,15:00:00,2017-11-03,40
1086,113,18:00:00,2017-08-13,50
1087,451,18:00:00,2017-12-13,30
1088,749,15:00:00,2017-10-09,30
1089,95,09:00:00,2017-12-11,50
1090,790,15:00:00,2017-10-03,30
1091,591,12:00:00,2017-09-14,50
1092,875,12:00:00,2017-09-04,25
1093,493,15:00:00,2017-09-27,35
1094,458,09:00:00,2017-10-31,20
1095,261,15:00:00,2017-08-27,35
1096,988,18:00:00,2017-11-06,40
1097,301,18:00:00,2017-09-01,20
1098,202,15:00:00,2017-09-04,20
1099,229,12:00:00,2017-12-02,20
1100,916,09:00:00,2017-12-23,45
1101,275,09:00:00,2017-11-29,25
1102,669,09:00:00,2017-11-08,35
1103,498,15:00:00,2017-09-23,25
1104,703,12:00:00,2017-09-23,30
1105,79,09:00:00,2017-10-26,50
1106,662,09:00:00,2017-11-25,50
1107,374,18:00:00,2017-09-12,20
1108,94,12:00:00,2017-08-08,40
1109,262,09:00:00,2017-09-09,40
1110,730,12:00:00,2017-08-29,40
1111,161,21:00:00,2017-12-14,50
1112,103,18:00:00,2017-11-29,30
1113,518,21:00:00,2017-12-06,50
1114,768,15:00:00,2017-08-20,20
1115,873,21:00:00,2017-12-31,20
1116,763,09:00:00,2017-11-30,25
1117,340,12:00:00,2017-09-09,45
1118,393,12:00:00,2017-10-07,45
1119,91,09:00:00,2017-10-17,35
1120,559,21:00:00,2017-08-25,30
1121,935,15:00:00,2017-08-05,20
1122,697,21:00:00,2017-12-18,30
1123,67,15:00:00,2017-12-22,35
1124,61,18:00:00,2017-09-14,20
1125,830,09:00:00,2017-10-10,30
1126,861,18:00:00,2017-10-15,20
1127,487,09:00:00,2017-10-11,45
1128,772,18:00:00,2017-12-28,35
1129,715,12:00:00,2017-09-19,35
1130,170,18:00:00,2017-12-25,50
1131,273,15:00:00,2017-10-19,30
1132,89,12:00:00,2017-09-29,50
1133,799,15:00:00,2017-09-04,50
1134,239,12:00:00,2017-10-18,35
1135,703,15:00:00,2017-10-05,30
1136,486,09:00:00,2017-08-20,45
1137,660,15:00:00,2017-08-22,40
1138,356,18:00:00,2017-08-18,50
1139,581,18:00:00,2017-09-07,50
1140,61,09:00:00,2017-12-18,20
1141,728,09:00:00,2017-11-27,30
1142,144,15:00:00,2017-08-04,35
1143,224,21:00:00,2017-09-18,35
1144,768,15:00:00,2017-11-21,30
1145,722,09:00:00,2017-08-06,30
1146,356,09:00:00,2017-08-09,20
1147,346,15:00:00,2017-11-16,35
1148,62,09:00:00,2017-10-30,35
1149,55,09:00:00,2017-08-20,35
1150,367,09:00:00,2017-10-17,50
1151,228,09:00:00,2017-08-14,40
1152,22,12:00:00,2017-12-18,45
1153,19,09:00:00,2017-10-09,45
1154,989,15:00:00,2017-09-09,40
1155,57,09:00:00,2017-10-14,35
1156,30,12:00:00,2017-11-19,35
1157,651,21:00:00,2017-08-27,50
1158,341,12:00:00,2017-10-17,45
1159,967,09:00:00,2017-08-10,20
1160,431,15:00:00,2017-11-15,50
1161,775,09:00:00,2017-09-17,25
1162,12,12:00:00,2017-12-04,40
1163,595,21:00:00,2017-10-29,45
1164,222,21:00:00,2017-11-26,35
1165,781,21:00:00,2017-12-22,25
1166,486,12:00:00,2017-12-16,30
1167,769,21:00:00,2017-11-26,25
1168,992,12:00:00,2017-09-24,35
1169,908,21:00:00,2017-11-28,50
1170,669,12:00:00,2017-08-14,45
1171,300,09:00:00,2017-09-04,35
1172,130,18:00:00,2017-08-29,40
1173,992,15:00:00,2017-10-09,45
1174,852,18:00:00,2017-09-10,35
1175,774,09:00:00,2017-10-11,30
1176,297,09:00:00,2017-11-21,45
1177,947,15:00:00,2017-09-18,30
1178,71,12:00:00,2017-12-28,20
1179,173,21:00:00,2017-11-01,20
1180,772,21:00:00,2017-10-28,35
1181,526,18:00:00,2017-12-25,30
1182,484,09:00:00,2017-11-10,45
1183,616,21:00:00,2017-09-11,40
1184,49,12:00:00,2017-08-26,30
1185,340,18:00:00,2017-12-04,40
1186,13,21:00:00,2017-08-10,20
1187,696,12:00:00,2017-12-23,25
1188,770,15:00:00,2017-12-31,50
1189,664,12:00:00,2017-10-04,25
1190,224,09:00:00,2017-10-14,40
1191,858,18:00:00,2017-11-24,30
1192,769,09:00:00,2017-09-13,25
1193,51,18:00:00,2017-12-02,20
1194,820,18:00:00,2017-11-29,50
1195,275,09:00:00,2017-12-04,25
1196,604,09:00:00,2017-11-06,25
1197,590,09:00:00,2017-10-30,35
1198,996,09:00:00,2017-12-05,20
1199,579,15:00:00,2017-08-17,35
1200,522,12:00:00,2017-10-28,50
1201,679,18:00:00,2017-08-30,30
1202,451,21:00:00,2017-09-16,45
1203,359,18:00:00,2017-11-18,25
1204,796,12:00:00,2017-10-19,40
1205,556,09:00:00,2017-11-11,20
1206,746,21:00:00,2017-12-25,45
1207,607,18:00:00,2017-10-18,35
1208,482,12:00:00,2017-12-03,35
1209,450,15:00:00,2017-11-11,45
1210,301,15:00:00,2017-08-03,45
1211,177,21:00:00,2017-09-27,20
1212,147,12:00:00,2017-11-24,25
1213,993,12:00:00,2017-10-17,20
1214,979,12:00:00,2017-11-20,30
1215,775,21:00:00,2017-10-20,35
1216,252,15:00:00,2017-11-20,35
1217,87,21:00:00,2017-09-13,30
1218,187,09:00:00,2017-12-14,50
1219,12,09:00:00,2017-12-28,30
1220,829,09:00:00,2017-11-01,45
1221,651,15:00:00,2017-11-22,45
1222,879,15:00:00,2017-12-01,45
1223,158,12:00:00,2017-11-02,50
1224,775,18:00:00,2017-10-06,35
1225,91,18:00:00,2017-12-10,30
1226,811,15:00:00,2017-09-20,25
1227,164,09:00:00,2017-09-28,20
1228,721,21:00:00,2017-10-28,35
1229,348,21:00:00,2017-12-01,25
1230,504,15:00:00,2017-08-12,30
1231,484,21:00:00,2017-11-26,25
1232,467,15:00:00,2017-10-19,25
1233,264,15:00:00,2017-09-02,30
1234,509,15:00:00,2017-12-07,30
1235,531,15:00:00,2017-12-08,25
1236,734,15:00:00,2017-12-09,25
1237,70,09:00:00,2017-10-24,45
1238,147,18:00:00,2017-11-27,50
1239,473,21:00:00,2017-12-24,25
1240,252,21:00:00,2017-12-17,45
1241,112,15:00:00,2017-08-31,20
1242,963,18:00:00,2017-10-11,40
1243,484,21:00:00,2017-09-30,25
1244,462,15:00:00,2017-12-01,25
1245,231,15:00:00,2017-11-30,25
1246,504,09:00:00,2017-09-16,20
1247,180,21:00:00,2017-09-05,50
1248,303,18:00:00,2017-12-17,45
1249,931,18:00:00,2017-08-06,30
1250,697,21:00:00,2017-11-12,30
1251,387,12:00:00,2017-10-15,25
1252,708,18:00:00,2017-10-04,30
1253,147,18:00:00,2017-12-23,50
1254,897,12:00:00,2017-10-20,35
1255,92,09:00:00,2017-10-14,35
1256,327,15:00:00,2017-08-15,45
1257,458,21:00:00,2017-08-27,30
1258,352,15:00:00,2017-09-21,45
1259,338,12:00:00,2017-11-26,35
1260,967,09:00:00,2017-10-28,50
1261,785,21:00:00,2017-10-07,25
1262,630,09:00:00,2017-09-04,35
1263,338,21:00:00,2017-10-22,20
1264,80,12:00:00,2017-10-26,45
1265,920,21:00:00,2017-09-02,45
1266,257,09:00:00,2017-11-02,45
1267,682,18:00:00,2017-12-18,50
1268,960,12:00:00,2017-09-15,25
1269,875,21:00:00,2017-11-16,20
1270,882,21:00:00,2017-12-20,20
1271,396,21:00:00,2017-10-24,20
1272,863,21:00:00,2017-10-22,45
1273,399,18:00:00,2017-09-09,30
1274,342,18:00:00,2017-11-27,20
1275,854,15:00:00,2017-09-19,45
1276,537,12:00:00,2017-08-10,50
1277,940,09:00:00,2017-12-18,45
1278,701,09:00:00,2017-10-29,45
1279,519,09:00:00,2017-09-23,45
1280,222,12:00:00,2017-11-12,35
1281,414,18:00:00,2017-09-10,20
1282,674,09:00:00,2017-12-01,35
1283,426,12:00:00,2017-09-24,50
1284,178,21:00:00,2017-08-20,25
1285,125,18:00:00,2017-08-18,30
1286,809,21:00:00,2017-12-17,30
1287,227,18:00:00,2017-09-21,50
1288,787,09:00:00,2017-09-20,30
1289,521,21:00:00,2017-09-11,20
1290,875,12:00:00,2017-09-25,25
1291,624,09:00:00,2017-08-27,35
1292,584,21:00:00,2017-09-19,20
1293,553,18:00:00,2017-12-18,20
1294,428,15:00:00,2017-09-16,20
1295,341,09:00:00,2017-10-02,40
1296,261,21:00:00,2017-10-14,35
1297,432,15:00:00,2017-08-13,50
1298,631,12:00:00,2017-09-23,45
1299,669,12:00:00,2017-10-05,35
1300,989,09:00:00,2017-10-23,20
1301,393,09:00:00,2017-09-08,50
1302,256,18:00:00,2017-08-07,40
1303,553,21:00:00,2017-12-26,40
1304,690,18:00:00,2017-09-18,35
1305,982,09:00:00,2017-10-30,20
1306,928,21:00:00,2017-12-06,45
1307,147,21:00:00,2017-10-28,40
1308,721,15:00:00,2017-11-28,35
1309,581,12:00:00,2017-12-16,40
1310,606,09:00:00,2017-09-08,20
1311,10,15:00:00,2017-12-04,40
1312,388,21:00:00,2017-09-24,35
1313,359,09:00:00,2017-12-21,35
1314,537,09:00:00,2017-12-21,40
1315,767,15:00:00,2017-12-24,35
1316,126,09:00:00,2017-11-18,20
1317,21,18:00:00,2017-11-28,20
1318,784,21:00:00,2017-12-09,25
1319,79,18:00:00,2017-10-22,40
1320,672,15:00:00,2017-09-20,45
1321,13,15:00:00,2017-10-19,30
1322,232,12:00:00,2017-08-13,30
1323,882,21:00:00,2017-11-16,25
1324,853,21:00:00,2017-11-14,50
1325,373,12:00:00,2017-10-05,30
1326,536,18:00:00,2017-10-09,35
1327,626,15:00:00,2017-09-18,20
1328,740,18:00:00,2017-09-16,30
1329,905,21:00:00,2017-12-27,35
1330,290,12:00:00,2017-10-17,35
1331,841,21:00:00,2017-08-19,25
1332,700,21:00:00,2017-08-15,50
1333,936,09:00:00,2017-11-30,30
1334,440,21:00:00,2017-08-17,45
1335,772,12:00:00,2017-08-15,45
1336,42,21:00:00,2017-12-17,45
1337,901,15:00:00,2017-11-24,30
1338,791,09:00:00,2017-10-02,30
1339,519,18:00:00,2017-08-04,40
1340,527,21:00:00,2017-08-23,35
1341,49,21:00:00,2017-12-15,20
1342,686,09:00:00,2017-10-27,50
1343,450,18:00:00,2017-12-28,25
1344,709,21:00:00,2017-09-21,30
1345,690,12:00:00,2017-11-19,50
1346,179,09:00:00,2017-11-13,45
1347,679,09:00:00,2017-08-16,50
1348,854,09:00:00,2017-09-20,30
1349,200,21:00:00,2017-11-09,35
1350,277,12:00:00,2017-08-30,30
1351,113,09:00:00,2017-12-13,40
1352,571,18:00:00,2017-12-11,45
1353,355,18:00:00,2017-08-07,50
1354,496,09:00:00,2017-11-30,30
1355,873,21:00:00,2017-08-14,25
1356,327,12:00:00,2017-10-01,30
1357,735,12:00:00,2017-11-14,30
1358,223,18:00:00,2017-10-27,25
1359,8,12:00:00,2017-09-12,45
1360,939,21:00:00,2017-11-21,40
1361,122,09:00:00,2017-10-03,35
1362,926,15:00:00,2017-08-03,45
1363,158,18:00:00,2017-11-13,45
1364,8,09:00:00,2017-08-16,20
1365,686,18:00:00,2017-08-26,20
1366,257,09:00:00,2017-12-01,25
1367,494,09:00:00,2017-08-08,35
1368,154,18:00:00,2017-08-06,45
1369,659,15:00:00,2017-08-02,25
1370,868,18:00:00,2017-11-30,30
1371,150,15:00:00,2017-09-15,40
1372,468,12:00:00,2017-11-25,30
1373,346,12:00:00,2017-12-26,40
1374,345,09:00:00,2017-08-26,50
1375,43,21:00:00,2017-09-03,35
1376,692,21:00:00,2017-09-24,40
1377,524,09:00:00,2017-11-28,25
1378,221,12:00:00,2017-10-18,50
1379,261,12:00:00,2017-09-20,40
1380,997,15:00:00,2017-11-12,35
1381,982,21:00:00,2017-10-25,20
1382,854,21:00:00,2017-12-13,40
1383,575,21:00:00,2017-12-08,30
1384,431,18:00:00,2017-11-19,35
1385,743,18:00:00,2017-10-17,45
1386,518,09:00:00,2017-09-16,35
1387,404,21:00:00,2017-11-21,30
1388,391,21:00:00,2017-08-29,40
1389,963,15:00:00,2017-11-19,45
1390,820,12:00:00,2017-11-15,35
1391,364,09:00:00,2017-11-03,35
1392,803,15:00:00,2017-12-22,25
1393,297,18:00:00,2017-12-01,50
1394,350,15:00:00,2017-11-05,25
1395,728,09:00:00,2017-08-23,25
1396,945,12:00:00,2017-12-24,50
1397,905,21:00:00,2017-10-30,25
1398,330,18:00:00,2017-09-08,30
1399,623,21:00:00,2017-08-04,45
1400,863,21:00:00,2017-10-07,40
1401,340,21:00:00,2017-09-26,40
1402,144,15:00:00,2017-10-04,50
1403,631,15:00:00,2017-09-12,45
1404,488,18:00:00,2017-09-04,40
1405,410,09:00:00,2017-09-30,35
1406,310,21:00:00,2017-10-02,45
1407,916,18:00:00,2017-08-05,20
1408,908,12:00:00,2017-08-02,35
1409,522,09:00:00,2017-08-26,50
1410,552,21:00:00,2017-10-05,30
1411,423,21:00:00,2017-11-21,45
1412,160,12:00:00,2017-11-25,40
1413,391,15:00:00,2017-11-01,50
1414,418,15:00:00,2017-10-29,45
1415,565,12:00:00,2017-12-22,35
1416,920,21:00:00,2017-10-23,45
1417,419,18:00:00,2017-08-10,20
1418,741,21:00:00,2017-08-07,35
1419,734,12:00:00,2017-12-16,45
1420,84,18:00:00,2017-08-21,50
1421,660,09:00:00,2017-11-20,45
1422,540,12:00:00,2017-08-07,25
1423,810,18:00:00,2017-11-27,30
1424,216,12:00:00,2017-10-07,40
1425,161,12:00:00,2017-10-12,35
1426,975,15:00:00,2017-09-29,50
1427,748,18:00:00,2017-11-13,50
1428,554,21:00:00,2017-10-31,35
1429,989,18:00:00,2017-09-24,30
1430,891,12:00:00,2017-12-16,40
1431,809,12:00:00,2017-11-12,35
1432,934,12:00:00,2017-12-28,50
1433,820,15:00:00,2017-10-07,30
1434,889,15:00:00,2017-12-11,35
1435,779,09:00:00,2017-10-02,40
1436,932,12:00:00,2017-10-27,40
1437,472,21:00:00,2017-08-21,20
1438,439,15:00:00,2017-12-27,30
1439,653,12:00:00,2017-10-29,30
1440,245,12:00:00,2017-11-14,35
1441,751,15:00:00,2017-11-25,35
1442,455,21:00:00,2017-11-07,45
1443,970,21:00:00,2017-09-22,30
1444,26,09:00:00,2017-08-01,45
1445,999,15:00:00,2017-12-18,45
1446,323,15:00:00,2017-08-07,20
1447,703,12:00:00,2017-12-18,50
1448,979,21:00:00,2017-09-13,25
1449,431,12:00:00,2017-08-10,30
1450,325,09:00:00,2017-12-09,50
1451,157,18:00:00,2017-11-03,45
1452,893,12:00:00,2017-08-03,50
1453,930,21:00:00,2017-10-08,20
1454,78,21:00:00,2017-12-28,40
1455,703,09:00:00,2017-12-29,45
1456,774,15:00:00,2017-12-30,50
1457,51,15:00:00,2017-11-08,50
1458,780,12:00:00,2017-09-27,45
1459,742,18:00:00,2017-09-18,20
1460,80,15:00:00,2017-12-15,25
1461,774,15:00:00,2017-09-30,30
1462,83,18:00:00,2017-09-11,30
1463,813,12:00:00,2017-12-22,50
1464,70,12:00:00,2017-12-09,20
1465,546,21:00:00,2017-10-21,35
1466,22,12:00:00,2017-08-13,35
1467,298,18:00:00,2017-12-09,50
1468,277,09:00:00,2017-10-13,20
1469,242,09:00:00,2017-10-30,40
1470,713,15:00:00,2017-08-25,20
1471,373,15:00:00,2017-10-26,40
1472,607,09:00:00,2017-09-15,40
1473,734,18:00:00,2017-12-20,45
1474,663,15:00:00,2017-12-02,20
1475,604,09:00:00,2017-11-30,45
1476,858,15:00:00,2017-09-26,20
1477,149,15:00:00,2017-08-23,50
1478,251,09:00:00,2017-08-02,20
1479,645,18:00:00,2017-12-18,35
1480,489,18:00:00,2017-09-14,30
1481,47,18:00:00,2017-08-04,45
1482,829,09:00:00,2017-11-01,20
1483,679,09:00:00,2017-11-08,25
1484,190,09:00:00,2017-11-03,50
1485,541,12:00:00,2017-08-25,20
1486,498,12:00:00,2017-12-09,30
1487,462,09:00:00,2017-11-19,50
1488,502,12:00:00,2017-08-19,20
1489,350,12:00:00,2017-09-17,50
1490,895,15:00:00,2017-11-20,40
1491,791,09:00:00,2017-11-12,30
1492,508,12:00:00,2017-12-05,50
1493,684,18:00:00,2017-12-01,30
1494,799,18:00:00,2017-08-08,50
1495,712,18:00:00,2017-10-04,50
1496,653,12:00:00,2017-11-21,45
1497,393,09:00:00,2017-11-07,50
1498,94,12:00:00,2017-12-29,35
1499,504,18:00:00,2017-10-16,50
1500,908,15:00:00,2017-08-09,20
1501,780,12:00:00,2017-10-05,45
1502,667,09:00:00,2017-10-11,50
1503,528,09:00:00,2017-08-05,25
1504,723,12:00:00,2017-09-05,40
1505,483,21:00:00,2017-08-12,35
1506,491,18:00:00,2017-10-14,45
1507,710,12:00:00,2017-12-29,30
1508,469,12:00:00,2017-09-15,20
1509,760,21:00:00,2017-12-04,50
1510,240,12:00:00,2017-11-29,25
1511,833,09:00:00,2017-12-05,30
1512,539,15:00:00,2017-09-05,20
1513,298,18:00:00,2017-10-24,20
1514,277,18:00:00,2017-08-03,25
1515,782,15:00:00,2017-11-08,30
1516,790,21:00:00,2017-08-06,20
1517,81,15:00:00,2017-09-01,30
1518,150,09:00:00,2017-09-29,40
1519,522,15:00:00,2017-12-24,45
1520,390,18:00:00,2017-11-20,45
1521,694,09:00:00,2017-12-15,20
1522,803,12:00:00,2017-12-27,40
1523,708,18:00:00,2017-09-13,30
1524,543,15:00:00,2017-11-08,50
1525,891,21:00:00,2017-08-17,35
1526,684,12:00:00,2017-11-29,25
1527,318,21:00:00,2017-09-24,35
1528,568,15:00:00,2017-08-24,25
1529,269,12:00:00,2017-09-22,35
1530,931,09:00:00,2017-08-19,35
1531,618,21:00:00,2017-08-01,50
1532,960,12:00:00,2017-12-03,20
1533,311,21:00:00,2017-10-07,35
1534,200,21:00:00,2017-11-21,40
1535,641,15:00:00,2017-08-21,35
1536,159,09:00:00,2017-08-31,50
1537,300,21:00:00,2017-11-09,50
1538,371,18:00:00,2017-11-16,35
1539,798,12:00:00,2017-08-04,30
1540,589,18:00:00,2017-10-13,30
1541,241,21:00:00,2017-08-15,45
1542,64,09:00:00,2017-10-15,40
1543,93,15:00:00,2017-12-01,20
1544,949,09:00:00,2017-09-13,35
1545,434,09:00:00,2017-08-10,35
1546,35,18:00:00,2017-12-16,30
1547,489,21:00:00,2017-09-23,40
1548,20,21:00:00,2017-12-06,25
1549,104,12:00:00,2017-09-14,45
1550,658,12:00:00,2017-09-04,50
1551,348,21:00:00,2017-09-28,40
1552,556,09:00:00,2017-08-04,45
1553,562,12:00:00,2017-09-24,35
1554,157,15:00:00,2017-10-08,25
1555,565,15:00:00,2017-10-28,40
1556,793,09:00:00,2017-08-11,40
1557,817,12:00:00,2017-12-14,20
1558,692,09:00:00,2017-12-25,30
1559,754,18:00:00,2017-10-26,40
1560,297,18:00:00,2017-12-28,40
1561,182,18:00:00,2017-08-09,35
1562,416,18:00:00,2017-09-02,20
1563,701,09:00:00,2017-11-21,20
1564,768,15:00:00,2017-09-22,25
1565,454,15:00:00,2017-12-29,30
1566,214,12:00:00,2017-10-12,25
1567,734,09:00:00,2017-10-30,40
1568,491,12:00:00,2017-08-08,30
1569,170,09:00:00,2017-12-31,25
1570,161,21:00:00,2017-12-11,20
1571,710,12:00:00,2017-09-11,35
1572,430,15:00:00,2017-12-15,40
1573,693,12:00:00,2017-09-04,50
1574,657,15:00:00,2017-10-16,20
1575,145,09:00:00,2017-08-09,20
1576,665,15:00:00,2017-12-09,25
1577,737,15:00:00,2017-11-16,35
1578,150,15:00:00,2017-09-27,30
1579,738,09:00:00,2017-10-18,30
1580,392,12:00:00,2017-08-25,45
1581,453,09:00:00,2017-08-31,40
1582,867,21:00:00,2017-09-25,20
1583,715,21:00:00,2017-09-01,20
1584,763,18:00:00,2017-11-27,20
1585,780,15:00:00,2017-10-26,25
1586,493,12:00:00,2017-11-27,25
1587,616,21:00:00,2017-10-13,25
1588,315,21:00:00,2017-08-10,40
1589,538,09:00:00,2017-12-25,40
1590,435,12:00:00,2017-10-09,30
1591,988,18:00:00,2017-12-02,40
1592,285,12:00:00,2017-12-30,35
1593,642,21:00:00,2017-11-29,35
1594,119,18:00:00,2017-12-30,30
1595,323,18:00:00,2017-12-05,30
1596,686,18:00:00,2017-12-20,40
1597,370,12:00:00,2017-09-11,45
1598,447,09:00:00,2017-10-04,25
1599,242,18:00:00,2017-10-20,20
1600,850,21:00:00,2017-09-05,35
1601,790,12:00:00,2017-10-30,40
1602,148,09:00:00,2017-08-15,25
1603,498,12:00:00,2017-11-19,40
1604,945,12:00:00,2017-10-22,45
1605,579,09:00:00,2017-11-16,25
1606,440,09:00:00,2017-11-11,50
1607,178,18:00:00,2017-11-04,20
1608,976,21:00:00,2017-08-04,40
1609,910,09:00:00,2017-10-24,30
1610,718,15:00:00,2017-12-31,30
1611,668,21:00:00,2017-09-08,40
1612,56,15:00:00,2017-08-17,40
1613,454,15:00:00,2017-08-24,25
1614,386,18:00:00,2017-12-17,50
1615,972,21:00:00,2017-09-08,30
1616,528,12:00:00,2017-08-23,20
1617,885,12:00:00,2017-08-12,40
1618,368,18:00:00,2017-09-09,20
1619,293,12:00:00,2017-10-18,20
1620,683,18:00:00,2017-08-02,25
1621,724,21:00:00,2017-08-12,35
1622,683,12:00:00,2017-12-19,40
1623,62,09:00:00,2017-10-21,45
1624,482,21:00:00,2017-12-12,25
1625,374,12:00:00,2017-10-30,30
1626,908,18:00:00,2017-12-25,40
1627,489,12:00:00,2017-08-15,40
1628,435,21:00:00,2017-11-19,20
1629,278,18:00:00,2017-12-12,30
1630,562,15:00:00,2017-09-28,40
1631,249,15:00:00,2017-09-13,20
1632,941,21:00:00,2017-09-24,30
1633,985,12:00:00,2017-10-12,40
1634,287,12:00:00,2017-08-19,50
1635,370,12:00:00,2017-11-20,50
1636,376,09:00:00,2017-10-31,25
1637,809,18:00:00,2017-08-27,35
1638,328,15:00:00,2017-09-09,30
1639,221,15:00:00,2017-11-29,40
1640,625,09:00:00,2017-11-08,25
1641,947,21:00:00,2017-09-14,40
1642,518,18:00:00,2017-11-18,20
1643,106,12:00:00,2017-09-21,25
1644,128,15:00:00,2017-12-06,40
1645,749,09:00:00,2017-10-18,40
1646,693,12:00:00,2017-10-27,40
1647,227,18:00:00,2017-11-28,40
1648,494,18:00:00,2017-08-20,40
1649,814,09:00:00,2017-11-08,45
1650,776,12:00:00,2017-11-09,30
1651,449,12:00:00,2017-12-12,35
1652,777,21:00:00,2017-08-11,20
1653,738,12:00:00,2017-12-21,20
1654,361,15:00:00,2017-11-19,30
1655,256,15:00:00,2017-11-08,45
1656,502,12:00:00,2017-10-24,30
1657,781,18:00:00,2017-08-22,50
1658,896,09:00:00,2017-09-08,40
1659,419,21:00:00,2017-09-29,50
1660,625,09:00:00,2017-08-19,50
1661,221,12:00:00,2017-10-02,45
1662,755,15:00:00,2017-11-19,25
1663,191,21:00:00,2017-10-07,25
1664,935,21:00:00,2017-08-07,30
1665,342,12:00:00,2017-10-17,45
1666,486,09:00:00,2017-12-28,40
1667,482,21:00:00,2017-11-18,30
1668,833,21:00:00,2017-11-14,35
1669,945,18:00:00,2017-11-08,25
1670,774,09:00:00,2017-12-20,50
1671,416,12:00:00,2017-10-02,20
1672,755,18:00:00,2017-12-04,50
1673,616,21:00:00,2017-12-07,30
1674,455,21:00:00,2017-12-04,20
1675,960,09:00:00,2017-12-30,35
1676,974,18:00:00,2017-11-12,30
1677,26,12:00:00,2017-08-27,35
1678,509,12:00:00,2017-08-02,45
1679,653,12:00:00,2017-10-15,50
1680,855,12:00:00,2017-11-24,40
1681,202,12:00:00,2017-08-13,25
1682,193,21:00:00,2017-10-25,20
1683,928,15:00:00,2017-10-26,50
1684,110,09:00:00,2017-08-27,35
1685,435,18:00:00,2017-12-19,20
1686,526,18:00:00,2017-10-06,40
1687,311,12:00:00,2017-11-29,50
1688,300,09:00:00,2017-10-15,20
1689,359,21:00:00,2017-09-27,40
1690,277,18:00:00,2017-12-03,45
1691,501,18:00:00,2017-11-23,35
1692,677,09:00:00,2017-11-24,50
1693,997,18:00:00,2017-08-30,50
1694,489,18:00:00,2017-12-03,25
1695,805,18:00:00,2017-09-20,50
1696,501,12:00:00,2017-08-12,40
1697,232,09:00:00,2017-12-29,25
1698,139,09:00:00,2017-09-04,45
1699,98,18:00:00,2017-09-08,35
1700,895,18:00:00,2017-09-21,45
1701,194,18:00:00,2017-11-30,25
1702,486,18:00:00,2017-12-06,45
1703,616,09:00:00,2017-09-22,20
1704,901,15:00:00,2017-10-08,25
1705,340,18:00:00,2017-10-08,20
1706,627,15:00:00,2017-12-03,30
1707,772,09:00:00,2017-12-29,35
1708,786,21:00:00,2017-09-30,40
1709,901,21:00:00,2017-08-11,35
1710,569,12:00:00,2017-10-01,25
1711,484,21:00:00,2017-09-13,50
1712,751,15:00:00,2017-12-25,40
1713,768,18:00:00,2017-09-16,35
1714,241,12:00:00,2017-08-01,40
1715,936,15:00:00,2017-10-22,35
1716,400,18:00:00,2017-09-01,35
1717,928,12:00:00,2017-12-21,30
1718,799,09:00:00,2017-12-10,45
1719,604,09:00:00,2017-12-30,30
1720,737,18:00:00,2017-09-07,50
1721,656,21:00:00,2017-09-15,45
1722,863,12:00:00,2017-12-05,20
1723,371,18:00:00,2017-09-15,30
1724,824,21:00:00,2017-11-21,35
1725,59,18:00:00,2017-11-21,40
1726,936,12:00:00,2017-11-01,25
1727,385,09:00:00,2017-10-11,20
1728,431,09:00:00,2017-12-01,30
1729,843,09:00:00,2017-09-20,30
1730,236,15:00:00,2017-09-02,50
1731,580,12:00:00,2017-09-13,50
1732,690,15:00:00,2017-08-15,40
1733,999,09:00:00,2017-11-21,50
1734,982,12:00:00,2017-12-24,45
1735,351,18:00:00,2017-11-12,50
1736,86,21:00:00,2017-08-10,30
1737,323,12:00:00,2017-11-02,35
1738,31,18:00:00,2017-09-24,50
1739,763,18:00:00,2017-11-07,40
1740,361,21:00:00,2017-12-26,45
1741,937,12:00:00,2017-11-13,35
1742,895,15:00:00,2017-10-11,35
1743,518,15:00:00,2017-10-20,40
1744,759,09:00:00,2017-10-21,40
1745,710,12:00:00,2017-11-12,20
1746,743,21:00:00,2017-12-12,45
1747,51,15:00:00,2017-09-01,35
1748,789,12:00:00,2017-11-07,20
1749,693,18:00:00,2017-09-09,45
1750,197,21:00:00,2017-10-30,40
1751,772,12:00:00,2017-08-18,40
1752,971,21:00:00,2017-09-10,50
1753,12,15:00:00,2017-11-22,25
1754,509,12:00:00,2017-10-01,30
1755,603,21:00:00,2017-11-21,30
1756,839,09:00:00,2017-08-20,35
1757,914,12:00:00,2017-10-30,30
1758,908,09:00:00,2017-08-02,20
1759,675,21:00:00,2017-08-18,45
1760,416,21:00:00,2017-10-04,40
1761,391,21:00:00,2017-12-18,35
1762,576,18:00:00,2017-11-17,25
1763,363,18:00:00,2017-11-13,35
1764,580,21:00:00,2017-10-05,35
1765,758,15:00:00,2017-09-19,45
1766,48,21:00:00,2017-11-06,20
1767,562,15:00:00,2017-12-21,20
1768,542,18:00:00,2017-08-12,35
1769,737,12:00:00,2017-10-15,35
1770,1000,15:00:00,2017-12-22,20
1771,344,12:00:00,2017-12-27,25
1772,577,21:00:00,2017-12-30,35
1773,733,21:00:00,2017-10-28,45
1774,994,15:00:00,2017-12-05,30
1775,600,09:00:00,2017-12-24,40
1776,448,21:00:00,2017-09-11,50
1777,642,09:00:00,2017-08-03,35
1778,175,12:00:00,2017-11-13,35
1779,490,12:00:00,2017-10-28,25
1780,421,21:00:00,2017-12-31,35
1781,20,09:00:00,2017-12-12,45
1782,875,09:00:00,2017-10-23,25
1783,674,09:00:00,2017-09-12,50
1784,185,21:00:00,2017-11-21,25
1785,185,15:00:00,2017-10-11,40
1786,209,12:00:00,2017-11-30,20
1787,19,09:00:00,2017-08-19,30
1788,465,12:00:00,2017-09-18,35
1789,638,12:00:00,2017-09-10,35
1790,122,15:00:00,2017-08-03,30
1791,710,15:00:00,2017-12-13,25
1792,740,21:00:00,2017-08-31,40
1793,954,09:00:00,2017-11-12,50
1794,668,09:00:00,2017-12-08,35
1795,930,09:00:00,2017-11-09,20
1796,398,12:00:00,2017-11-05,40
1797,329,12:00:00,2017-10-03,45
1798,249,18:00:00,2017-11-10,25
1799,453,21:00:00,2017-10-25,35
1800,86,18:00:00,2017-09-09,20
1801,814,09:00:00,2017-11-26,35
1802,588,15:00:00,2017-10-21,25
1803,722,09:00:00,2017-10-14,20
1804,365,21:00:00,2017-12-16,25
1805,448,18:00:00,2017-08-25,50
1806,879,09:00:00,2017-10-08,25
1807,972,18:00:00,2017-11-12,20
1808,694,18:00:00,2017-09-06,25
1809,320,12:00:00,2017-11-03,20
1810,661,18:00:00,2017-11-14,35
1811,713,18:00:00,2017-10-15,40
1812,312,15:00:00,2017-10-04,20
1813,557,21:00:00,2017-12-21,40
1814,361,21:00:00,2017-12-23,35
1815,512,09:00:00,2017-12-05,35
1816,791,12:00:00,2017-11-30,25
1817,371,21:00:00,2017-09-07,30
1818,599,21:00:00,2017-12-11,20
1819,910,09:00:00,2017-12-14,35
1820,642,09:00:00,2017-09-24,40
1821,440,12:00:00,2017-10-20,40
1822,525,12:00:00,2017-11-19,30
1823,343,09:00:00,2017-11-12,35
1824,29,15:00:00,2017-11-20,45
1825,852,15:00:00,2017-12-26,40
1826,272,09:00:00,2017-08-23,25
1827,864,12:00:00,2017-12-12,50
1828,909,09:00:00,2017-10-09,20
1829,125,12:00:00,2017-08-29,50
1830,411,21:00:00,2017-08-19,40
1831,52,21:00:00,2017-09-01,40
1832,368,12:00:00,2017-08-15,50
1833,302,18:00:00,2017-11-23,30
1834,599,09:00:00,2017-08-20,35
1835,316,09:00:00,2017-12-16,20
1836,422,15:00:00,2017-11-23,40
1837,894,09:00:00,2017-10-07,30
1838,763,09:00:00,2017-11-13,35
1839,175,12:00:00,2017-08-26,20
1840,658,21:00:00,2017-08-03,40
1841,896,18:00:00,2017-08-18,35
1842,312,15:00:00,2017-08-23,45
1843,844,15:00:00,2017-12-25,25
1844,150,18:00:00,2017-08-04,40
1845,842,12:00:00,2017-12-14,20
1846,361,15:00:00,2017-11-21,25
1847,484,21:00:00,2017-09-07,20
1848,332,21:00:00,2017-10-29,50
1849,754,21:00:00,2017-09-16,45
1850,948,15:00:00,2017-12-13,45
1851,719,09:00:00,2017-11-16,25
1852,943,12:00:00,2017-12-06,20
1853,303,09:00:00,2017-10-21,30
1854,482,21:00:00,2017-10-15,20
1855,293,12:00:00,2017-09-08,45
1856,631,18:00:00,2017-09-24,50
1857,591,12:00:00,2017-10-27,35
1858,31,15:00:00,2017-09-19,20
1859,197,09:00:00,2017-12-20,25
1860,416,09:00:00,2017-12-17,50
1861,128,15:00:00,2017-10-31,35
1862,473,12:00:00,2017-09-02,50
1863,59,21:00:00,2017-10-03,50
1864,158,21:00:00,2017-11-03,50
1865,139,18:00:00,2017-11-29,30
1866,809,21:00:00,2017-08-12,35
1867,813,21:00:00,2017-08-01,35
1868,626,18:00:00,2017-10-01,35
1869,84,18:00:00,2017-10-01,30
1870,883,15:00:00,2017-08-20,30
1871,109,21:00:00,2017-12-26,25
1872,484,21:00:00,2017-11-07,45
1873,95,18:00:00,2017-09-04,50
1874,100,12:00:00,2017-10-31,30
1875,773,15:00:00,2017-11-20,25
1876,142,15:00:00,2017-12-04,45
1877,796,18:00:00,2017-08-31,30
1878,685,09:00:00,2017-10-21,45
1879,991,15:00:00,2017-12-15,40
1880,229,15:00:00,2017-09-09,35
1881,531,09:00:00,2017-11-04,40
1882,609,18:00:00,2017-09-24,25
1883,772,18:00:00,2017-11-06,45
1884,53,15:00:00,2017-08-03,40
1885,79,15:00:00,2017-12-01,30
1886,626,21:00:00,2017-10-23,45
1887,59,21:00:00,2017-09-29,25
1888,466,18:00:00,2017-10-07,20
1889,449,18:00:00,2017-10-16,45
1890,273,21:00:00,2017-11-03,35
1891,56,12:00:00,2017-12-19,35
1892,369,15:00:00,2017-10-23,40
1893,444,15:00:00,2017-08-08,30
1894,264,12:00:00,2017-08-09,45
1895,68,18:00:00,2017-11-22,50
1896,47,09:00:00,2017-12-26,45
1897,367,18:00:00,2017-12-15,40
1898,216,21:00:00,2017-08-08,30
1899,160,09:00:00,2017-12-29,35
1900,993,12:00:00,2017-10-17,20
1901,948,12:00:00,2017-11-09,20
1902,709,09:00:00,2017-09-13,45
1903,155,21:00:00,2017-11-18,20
1904,998,12:00:00,2017-09-25,45
1905,946,09:00:00,2017-10-24,20
1906,412,09:00:00,2017-11-12,20
1907,710,12:00:00,2017-12-22,50
1908,213,15:00:00,2017-11-20,35
1909,448,09:00:00,2017-10-26,50
1910,616,15:00:00,2017-09-08,45
1911,213,15:00:00,2017-09-05,50
1912,431,21:00:00,2017-09-05,45
1913,820,15:00:00,2017-10-21,30
1914,83,15:00:00,2017-08-20,20
1915,376,18:00:00,2017-09-30,50
1916,716,18:00:00,2017-08-01,45
1917,295,21:00:00,2017-10-02,20
1918,569,09:00:00,2017-10-13,50
1919,553,09:00:00,2017-12-14,30
1920,152,18:00:00,2017-09-09,35
1921,462,15:00:00,2017-11-15,45
1922,231,15:00:00,2017-09-06,30
1923,575,12:00:00,2017-09-26,45
1924,229,12:00:00,2017-08-07,25
1925,461,09:00:00,2017-08-24,25
1926,770,21:00:00,2017-12-20,50
1927,763,15:00:00,2017-09-04,25
1928,163,12:00:00,2017-12-29,35
1929,510,12:00:00,2017-10-16,20
1930,864,15:00:00,2017-12-26,40
1931,20,09:00:00,2017-12-01,35
1932,582,12:00:00,2017-10-01,20
1933,34,09:00:00,2017-11-05,25
1934,512,09:00:00,2017-11-01,20
1935,551,21:00:00,2017-10-16,25
1936,700,09:00:00,2017-10-05,20
1937,33,18:00:00,2017-11-16,45
1938,419,21:00:00,2017-08-08,50
1939,226,12:00:00,2017-11-02,35
1940,239,12:00:00,2017-11-05,30
1941,855,15:00:00,2017-11-23,45
1942,204,15:00:00,2017-12-27,25
1943,342,12:00:00,2017-10-13,50
1944,97,21:00:00,2017-12-14,45
1945,278,21:00:00,2017-08-26,35
1946,147,18:00:00,2017-12-25,20
1947,690,15:00:00,2017-09-01,50
1948,518,15:00:00,2017-08-11,45
1949,148,09:00:00,2017-08-12,35
1950,777,09:00:00,2017-10-16,40
1951,695,15:00:00,2017-11-18,35
1952,437,15:00:00,2017-09-20,30
1953,808,12:00:00,2017-08-22,50
1954,153,21:00:00,2017-08-05,50
1955,422,18:00:00,2017-08-28,40
1956,310,18:00:00,2017-08-09,20
1957,584,15:00:00,2017-11-13,40
1958,872,12:00:00,2017-11-20,45
1959,852,21:00:00,2017-10-23,35
1960,646,18:00:00,2017-11-04,35
1961,351,12:00:00,2017-12-08,45
1962,641,12:00:00,2017-08-02,45
1963,967,09:00:00,2017-12-13,50
1964,926,12:00:00,2017-09-22,25
1965,828,18:00:00,2017-10-26,50
1966,403,21:00:00,2017-11-19,45
1967,160,09:00:00,2017-11-05,40
1968,263,18:00:00,2017-09-28,25
1969,294,18:00:00,2017-10-02,20
1970,841,15:00:00,2017-10-01,20
1971,119,09:00:00,2017-08-09,50
1972,31,15:00:00,2017-10-07,40
1973,378,12:00:00,2017-11-12,50
1974,90,18:00:00,2017-10-20,40
1975,885,21:00:00,2017-08-15,25
1976,632,12:00:00,2017-12-27,40
1977,294,12:00:00,2017-11-01,25
1978,780,09:00:00,2017-11-11,50
1979,953,21:00:00,2017-12-17,30
1980,260,12:00:00,2017-09-10,45
1981,885,21:00:00,2017-08-09,30
1982,104,15:00:00,2017-08-15,20
1983,626,18:00:00,2017-11-18,40
1984,455,12:00:00,2017-09-11,25
1985,504,12:00:00,2017-09-23,20
1986,365,18:00:00,2017-09-13,50
1987,398,15:00:00,2017-09-03,45
1988,645,15:00:00,2017-12-28,35
1989,928,21:00:00,2017-10-18,20
1990,960,15:00:00,2017-12-31,40
1991,798,15:00:00,2017-09-02,45
1992,822,18:00:00,2017-11-06,50
1993,467,09:00:00,2017-11-20,35
1994,254,15:00:00,2017-09-13,30
1995,272,12:00:00,2017-12-12,30
1996,879,09:00:00,2017-10-27,40
1997,975,21:00:00,2017-11-06,40
1998,492,15:00:00,2017-11-18,40
1999,339,21:00:00,2017-11-06,45
2000,412,21:00:00,2017-11-05,45
