r_id,show_id,hall_id,r_date,r_time
1,474,404,2016-12-05,20:20:00
2,217,272,2016-10-29,20:34:00
3,141,381,2016-12-22,07:56:00
4,401,219,2016-11-23,13:57:00
5,155,428,2016-10-17,01:44:00
6,185,470,2016-11-22,02:17:00
7,438,317,2016-10-19,04:30:00
8,150,159,2016-08-24,22:48:00
9,130,82,2016-12-22,22:02:00
10,417,461,2016-08-29,11:18:00
11,290,455,2016-12-30,08:34:00
12,144,292,2016-09-22,15:38:00
13,28,66,2016-12-08,00:58:00
14,200,425,2016-08-13,08:04:00
15,451,339,2016-10-09,23:35:00
16,25,242,2016-08-16,13:45:00
17,397,265,2016-08-14,17:59:00
18,428,469,2016-10-24,06:22:00
19,120,297,2016-09-13,09:00:00
20,45,277,2016-12-09,09:40:00
21,33,302,2016-11-29,13:29:00
22,188,147,2016-11-12,15:30:00
23,221,68,2016-09-15,08:12:00
24,221,482,2016-10-14,07:33:00
25,465,433,2016-10-19,12:09:00
26,267,254,2016-12-21,01:18:00
27,461,149,2016-08-24,17:07:00
28,253,269,2016-12-27,13:32:00
29,175,210,2016-12-14,09:08:00
30,186,121,2016-12-16,08:12:00
31,212,12,2016-11-04,16:04:00
32,422,205,2016-12-28,19:35:00
33,1,125,2016-10-31,12:13:00
34,302,477,2016-11-02,04:58:00
35,52,401,2016-10-11,03:34:00
36,342,387,2016-11-30,16:07:00
37,244,209,2016-12-07,11:39:00
38,16,187,2016-08-09,03:33:00
39,477,401,2016-08-20,12:42:00
40,220,147,2016-09-15,12:22:00
41,205,459,2016-09-24,02:19:00
42,123,241,2016-11-24,12:48:00
43,339,217,2016-09-05,10:44:00
44,393,372,2016-10-08,12:00:00
45,54,408,2016-10-01,15:26:00
46,400,300,2016-12-22,07:23:00
47,177,119,2016-11-07,22:32:00
48,377,37,2016-08-25,00:11:00
49,465,370,2016-12-30,20:54:00
50,357,350,2016-12-27,03:05:00
51,334,42,2016-11-23,19:04:00
52,437,330,2016-10-20,14:06:00
53,273,422,2016-08-18,10:08:00
54,470,344,2016-12-06,00:50:00
55,192,310,2016-08-29,02:32:00
56,11,131,2016-10-20,19:06:00
57,386,215,2016-12-21,13:29:00
58,257,318,2016-09-29,13:00:00
59,334,278,2016-10-25,02:45:00
60,422,231,2016-12-01,22:11:00
61,190,379,2016-08-22,21:25:00
62,404,257,2016-10-15,15:52:00
63,92,397,2016-09-30,21:26:00
64,328,304,2016-12-06,01:16:00
65,36,29,2016-08-20,02:02:00
66,356,111,2016-08-14,14:47:00
67,134,200,2016-10-09,17:03:00
68,413,112,2016-12-15,20:29:00
69,364,5,2016-10-13,05:18:00
70,286,278,2016-11-16,14:51:00
71,274,291,2016-11-08,03:03:00
72,172,390,2016-09-19,14:03:00
73,329,64,2016-10-21,17:45:00
74,130,243,2016-12-18,00:57:00
75,245,129,2016-09-22,02:01:00
76,418,160,2016-11-24,03:51:00
77,47,229,2016-10-02,13:36:00
78,18,255,2016-12-12,18:02:00
79,54,88,2016-09-01,16:44:00
80,228,433,2016-09-16,06:45:00
81,256,360,2016-12-01,03:01:00
82,333,452,2016-09-12,17:42:00
83,281,155,2016-12-09,12:10:00
84,152,479,2016-12-18,09:46:00
85,235,147,2016-10-06,17:51:00
86,30,136,2016-11-10,20:55:00
87,27,417,2016-12-01,21:28:00
88,427,194,2016-10-19,06:00:00
89,161,188,2016-12-30,13:34:00
90,132,357,2016-10-09,12:21:00
91,92,164,2016-10-11,20:29:00
92,158,323,2016-10-22,05:38:00
93,335,229,2016-11-22,09:04:00
94,124,72,2016-11-20,07:47:00
95,43,362,2016-11-04,02:50:00
96,118,324,2016-08-20,21:52:00
97,455,100,2016-12-20,08:13:00
98,281,11,2016-09-12,22:10:00
99,105,252,2016-11-18,13:25:00
100,217,469,2016-09-04,08:01:00
101,234,44,2016-09-27,12:03:00
102,479,22,2016-12-28,02:31:00
103,206,480,2016-10-08,15:19:00
104,64,94,2016-10-28,03:36:00
105,345,94,2016-09-07,00:17:00
106,489,68,2016-09-03,00:29:00
107,265,384,2016-10-02,11:43:00
108,366,137,2016-12-18,21:17:00
109,41,312,2016-08-15,13:37:00
110,473,36,2016-10-25,08:49:00
111,385,264,2016-08-05,02:55:00
112,264,127,2016-09-23,17:38:00
113,93,383,2016-11-13,00:21:00
114,260,325,2016-08-09,20:06:00
115,455,333,2016-09-13,06:54:00
116,171,391,2016-09-11,08:23:00
117,106,304,2016-09-29,04:46:00
118,135,294,2016-10-28,10:25:00
119,252,419,2016-10-26,06:12:00
120,59,389,2016-11-13,13:11:00
121,121,227,2016-09-15,20:25:00
122,286,270,2016-12-09,21:03:00
123,222,431,2016-10-20,13:19:00
124,176,147,2016-09-18,02:55:00
125,283,246,2016-12-02,06:06:00
126,167,377,2016-10-08,02:56:00
127,237,350,2016-10-08,00:01:00
128,397,494,2016-12-25,18:44:00
129,32,181,2016-08-17,23:28:00
130,398,150,2016-11-05,04:53:00
131,421,296,2016-08-22,08:11:00
132,31,92,2016-11-29,19:46:00
133,75,93,2016-12-11,02:52:00
134,233,498,2016-11-17,20:50:00
135,51,359,2016-09-05,16:01:00
136,86,420,2016-09-30,01:31:00
137,380,244,2016-08-18,10:25:00
138,131,323,2016-10-20,17:38:00
139,253,24,2016-11-19,02:24:00
140,406,112,2016-08-20,07:18:00
141,248,391,2016-08-30,10:15:00
142,28,230,2016-08-04,00:49:00
143,46,167,2016-10-05,17:23:00
144,97,190,2016-12-04,19:39:00
145,91,315,2016-11-16,21:26:00
146,418,373,2016-09-20,03:37:00
147,486,311,2016-08-23,22:05:00
148,59,110,2016-10-04,20:11:00
149,173,174,2016-12-05,17:29:00
150,194,420,2016-10-19,19:21:00
151,61,28,2016-09-27,06:46:00
152,47,309,2016-12-25,04:42:00
153,289,396,2016-08-08,22:31:00
154,422,401,2016-10-26,01:44:00
155,296,429,2016-10-08,13:05:00
156,268,26,2016-11-26,18:11:00
157,87,472,2016-08-14,06:08:00
158,154,402,2016-09-10,16:44:00
159,246,26,2016-11-07,17:00:00
160,162,155,2016-10-27,18:43:00
161,408,161,2016-12-29,04:29:00
162,309,405,2016-10-10,21:19:00
163,83,449,2016-12-01,05:37:00
164,435,3,2016-09-09,19:02:00
165,452,207,2016-11-14,20:10:00
166,68,23,2016-10-10,13:53:00
167,206,256,2016-09-11,09:04:00
168,471,211,2016-12-26,05:56:00
169,461,385,2016-12-04,17:04:00
170,101,63,2016-10-02,15:45:00
171,129,115,2016-09-16,07:51:00
172,323,272,2016-08-04,07:07:00
173,309,283,2016-12-28,10:20:00
174,353,478,2016-11-27,12:33:00
175,231,200,2016-10-09,21:51:00
176,477,10,2016-08-25,09:46:00
177,318,491,2016-11-28,02:04:00
178,78,377,2016-11-05,15:20:00
179,150,357,2016-09-03,14:40:00
180,358,37,2016-08-12,15:25:00
181,34,178,2016-12-23,08:26:00
182,43,222,2016-11-20,15:17:00
183,1,368,2016-09-21,16:40:00
184,421,191,2016-11-09,03:25:00
185,89,150,2016-08-02,18:24:00
186,69,398,2016-09-07,15:58:00
187,252,462,2016-12-20,02:10:00
188,472,97,2016-12-06,05:14:00
189,129,380,2016-09-02,14:01:00
190,318,385,2016-10-30,07:31:00
191,497,224,2016-11-09,00:32:00
192,118,92,2016-08-07,00:02:00
193,402,124,2016-11-06,21:42:00
194,299,34,2016-12-31,07:15:00
195,332,77,2016-08-01,11:25:00
196,255,139,2016-08-30,01:37:00
197,427,100,2016-11-04,12:00:00
198,248,160,2016-09-28,19:24:00
199,412,89,2016-10-26,19:02:00
200,293,385,2016-08-19,10:39:00
201,441,376,2016-12-27,17:07:00
202,245,345,2016-11-24,04:53:00
203,338,215,2016-08-10,07:17:00
204,255,50,2016-09-04,05:01:00
205,109,367,2016-12-04,09:50:00
206,100,367,2016-10-30,00:40:00
207,125,141,2016-11-06,19:24:00
208,78,263,2016-11-16,09:04:00
209,453,130,2016-08-29,22:18:00
210,378,160,2016-12-04,22:37:00
211,30,49,2016-11-18,22:26:00
212,480,306,2016-10-14,05:41:00
213,155,498,2016-08-30,17:55:00
214,364,353,2016-11-21,10:06:00
215,326,299,2016-12-31,16:41:00
216,90,436,2016-08-20,05:43:00
217,203,317,2016-08-26,18:08:00
218,395,42,2016-11-18,06:03:00
219,500,418,2016-08-24,13:14:00
220,51,33,2016-09-20,15:21:00
221,118,499,2016-12-21,05:02:00
222,236,219,2016-10-21,10:27:00
223,429,451,2016-11-13,20:33:00
224,176,497,2016-10-14,14:48:00
225,239,275,2016-09-06,18:41:00
226,82,150,2016-12-28,00:07:00
227,446,72,2016-10-02,16:02:00
228,419,217,2016-09-17,00:44:00
229,137,461,2016-08-03,18:20:00
230,115,171,2016-11-01,06:59:00
231,13,273,2016-10-26,16:24:00
232,383,297,2016-08-07,12:33:00
233,245,67,2016-11-13,14:50:00
234,145,124,2016-08-18,07:59:00
235,46,380,2016-10-06,23:06:00
236,152,211,2016-10-27,21:24:00
237,216,213,2016-09-05,07:27:00
238,17,213,2016-09-15,11:07:00
239,310,184,2016-08-30,00:56:00
240,63,271,2016-10-04,02:31:00
241,24,395,2016-12-02,13:32:00
242,492,113,2016-09-11,16:00:00
243,118,427,2016-09-13,09:23:00
244,382,132,2016-11-21,14:15:00
245,173,237,2016-11-19,16:32:00
246,104,287,2016-12-04,22:28:00
247,415,154,2016-12-30,10:30:00
248,264,276,2016-10-29,19:25:00
249,275,135,2016-12-18,08:44:00
250,122,465,2016-12-25,09:02:00
251,423,133,2016-12-28,12:28:00
252,43,233,2016-12-13,08:39:00
253,246,391,2016-12-11,03:17:00
254,40,31,2016-10-02,06:12:00
255,467,434,2016-11-18,05:11:00
256,448,406,2016-12-31,08:33:00
257,72,386,2016-10-21,19:40:00
258,123,176,2016-11-08,16:24:00
259,30,110,2016-12-24,08:23:00
260,62,281,2016-10-21,05:24:00
261,297,287,2016-12-13,11:11:00
262,75,140,2016-08-25,23:22:00
263,172,263,2016-09-15,07:12:00
264,417,217,2016-11-26,15:53:00
265,470,38,2016-10-14,12:45:00
266,87,419,2016-12-10,14:34:00
267,186,91,2016-09-14,02:02:00
268,220,187,2016-11-23,19:45:00
269,222,358,2016-09-01,04:11:00
270,297,365,2016-12-18,01:14:00
271,192,26,2016-10-28,12:36:00
272,380,316,2016-09-04,09:03:00
273,424,358,2016-10-13,16:41:00
274,75,193,2016-08-18,04:49:00
275,152,51,2016-08-31,05:15:00
276,347,301,2016-10-29,09:54:00
277,439,366,2016-10-15,11:00:00
278,195,363,2016-10-04,00:50:00
279,326,423,2016-08-23,04:19:00
280,292,294,2016-12-30,10:13:00
281,237,331,2016-08-04,23:58:00
282,462,69,2016-10-23,20:51:00
283,43,461,2016-09-13,21:13:00
284,173,136,2016-11-08,01:24:00
285,200,94,2016-11-10,04:55:00
286,271,485,2016-12-13,18:04:00
287,500,263,2016-10-23,23:46:00
288,295,403,2016-08-09,19:27:00
289,185,74,2016-09-15,00:19:00
290,180,302,2016-10-06,15:36:00
291,63,109,2016-11-10,20:00:00
292,126,21,2016-12-04,14:16:00
293,202,212,2016-10-15,03:42:00
294,438,490,2016-11-28,15:52:00
295,242,26,2016-10-30,22:40:00
296,285,374,2016-08-08,17:30:00
297,212,68,2016-11-26,20:54:00
298,346,127,2016-09-01,00:23:00
299,41,250,2016-12-11,05:40:00
300,232,302,2016-09-24,04:45:00
301,463,269,2016-10-30,20:25:00
302,38,33,2016-11-15,17:05:00
303,341,140,2016-09-13,18:27:00
304,448,496,2016-09-22,17:12:00
305,179,390,2016-08-10,03:14:00
306,22,329,2016-11-18,08:47:00
307,12,83,2016-12-16,15:31:00
308,308,304,2016-09-04,09:22:00
309,71,127,2016-11-23,13:36:00
310,86,430,2016-08-09,09:44:00
311,53,180,2016-10-03,20:50:00
312,278,266,2016-10-04,09:13:00
313,492,325,2016-11-19,04:42:00
314,70,9,2016-12-01,08:34:00
315,373,67,2016-12-05,15:44:00
316,411,478,2016-12-23,21:26:00
317,154,202,2016-11-17,13:46:00
318,215,441,2016-08-16,13:19:00
319,29,130,2016-10-04,15:28:00
320,212,202,2016-08-05,22:19:00
321,152,259,2016-08-10,03:09:00
322,389,155,2016-10-24,20:01:00
323,175,297,2016-11-27,03:21:00
324,8,242,2016-12-02,23:07:00
325,290,231,2016-11-30,10:22:00
326,295,62,2016-12-03,02:27:00
327,338,391,2016-10-25,11:26:00
328,356,175,2016-12-12,18:51:00
329,306,73,2016-11-15,20:33:00
330,293,73,2016-10-20,00:44:00
331,130,418,2016-10-05,15:33:00
332,401,500,2016-09-01,16:29:00
333,366,244,2016-11-17,04:17:00
334,41,163,2016-10-12,05:05:00
335,259,269,2016-08-16,08:07:00
336,200,261,2016-09-16,11:00:00
337,110,4,2016-11-29,04:53:00
338,9,112,2016-10-20,03:55:00
339,3,193,2016-08-31,00:25:00
340,328,182,2016-12-30,22:08:00
341,224,212,2016-10-03,22:39:00
342,82,349,2016-09-17,02:39:00
343,147,351,2016-10-29,01:51:00
344,113,443,2016-11-15,08:46:00
345,181,203,2016-11-13,11:47:00
346,177,500,2016-10-19,03:22:00
347,467,405,2016-09-14,16:53:00
348,444,113,2016-09-16,09:17:00
349,353,69,2016-10-04,18:24:00
350,391,497,2016-08-18,18:07:00
351,110,377,2016-12-22,02:55:00
352,362,256,2016-10-31,21:50:00
353,416,218,2016-08-06,04:38:00
354,225,380,2016-11-03,13:56:00
355,260,467,2016-09-08,11:59:00
356,471,88,2016-12-19,18:03:00
357,355,42,2016-09-28,06:13:00
358,61,383,2016-11-30,18:09:00
359,12,153,2016-12-02,08:38:00
360,120,73,2016-08-03,01:38:00
361,134,406,2016-08-12,09:04:00
362,431,424,2016-09-19,23:12:00
363,321,94,2016-12-01,16:02:00
364,86,283,2016-08-28,18:25:00
365,357,111,2016-10-09,19:35:00
366,380,269,2016-08-04,12:11:00
367,416,110,2016-09-08,10:38:00
368,480,401,2016-12-17,13:00:00
369,163,473,2016-12-29,22:29:00
370,426,53,2016-12-14,15:20:00
371,91,150,2016-12-04,08:20:00
372,69,125,2016-08-07,02:15:00
373,448,468,2016-10-03,19:05:00
374,386,385,2016-12-27,04:37:00
375,216,495,2016-08-31,16:14:00
376,415,459,2016-12-10,20:32:00
377,213,58,2016-10-19,13:11:00
378,138,392,2016-12-08,23:06:00
379,8,159,2016-10-04,17:28:00
380,443,30,2016-09-04,01:28:00
381,28,460,2016-08-08,04:23:00
382,360,15,2016-12-15,13:47:00
383,207,349,2016-09-30,13:37:00
384,392,7,2016-12-30,16:04:00
385,399,264,2016-08-01,07:16:00
386,158,123,2016-09-11,22:16:00
387,354,178,2016-08-12,04:06:00
388,293,211,2016-09-08,22:04:00
389,425,286,2016-08-01,12:14:00
390,333,133,2016-10-16,20:28:00
391,135,80,2016-09-20,04:54:00
392,117,351,2016-12-19,07:13:00
393,259,444,2016-08-15,19:09:00
394,268,73,2016-11-02,14:33:00
395,343,96,2016-10-18,07:54:00
396,437,99,2016-11-06,08:19:00
397,206,267,2016-09-07,12:03:00
398,336,400,2016-10-04,07:31:00
399,274,231,2016-12-11,02:43:00
400,95,418,2016-09-27,04:59:00
401,186,266,2016-12-21,16:26:00
402,40,429,2016-12-07,16:33:00
403,331,52,2016-08-08,23:14:00
404,190,238,2016-09-08,12:52:00
405,285,154,2016-12-12,04:55:00
406,56,88,2016-12-27,22:48:00
407,298,120,2016-10-21,15:05:00
408,151,420,2016-11-19,11:30:00
409,347,447,2016-11-12,05:03:00
410,135,132,2016-12-20,18:58:00
411,192,193,2016-08-04,09:46:00
412,152,231,2016-11-30,23:40:00
413,145,86,2016-12-22,20:14:00
414,261,182,2016-09-13,06:14:00
415,299,117,2016-09-06,10:41:00
416,211,27,2016-09-30,13:36:00
417,431,429,2016-12-24,12:41:00
418,161,82,2016-08-17,01:14:00
419,52,274,2016-10-31,22:31:00
420,240,242,2016-12-22,21:24:00
421,237,86,2016-11-09,21:46:00
422,266,346,2016-11-12,08:05:00
423,52,362,2016-09-18,02:59:00
424,398,235,2016-08-08,06:36:00
425,11,142,2016-11-14,19:46:00
426,426,34,2016-09-05,02:12:00
427,349,308,2016-10-19,23:11:00
428,246,211,2016-11-08,10:38:00
429,110,180,2016-12-19,01:32:00
430,488,380,2016-10-05,19:57:00
431,372,247,2016-12-11,07:20:00
432,247,341,2016-11-15,11:58:00
433,340,5,2016-12-24,02:02:00
434,15,352,2016-10-19,18:29:00
435,333,427,2016-11-13,06:23:00
436,274,365,2016-10-31,01:36:00
437,260,196,2016-12-03,00:50:00
438,295,277,2016-10-11,23:27:00
439,469,361,2016-08-11,21:00:00
440,81,217,2016-12-02,18:15:00
441,419,417,2016-10-22,21:34:00
442,19,210,2016-08-04,15:10:00
443,450,471,2016-08-25,10:30:00
444,241,127,2016-10-05,05:07:00
445,111,69,2016-12-20,21:19:00
446,111,125,2016-08-03,22:23:00
447,17,10,2016-11-20,15:34:00
448,222,416,2016-10-21,09:53:00
449,348,397,2016-10-03,09:19:00
450,103,484,2016-08-02,14:43:00
451,488,257,2016-10-01,19:09:00
452,260,413,2016-12-06,18:07:00
453,443,110,2016-08-17,03:26:00
454,452,257,2016-08-31,21:55:00
455,402,216,2016-09-13,03:24:00
456,343,359,2016-09-09,11:51:00
457,413,11,2016-12-31,12:51:00
458,195,471,2016-11-15,21:53:00
459,188,201,2016-12-04,13:45:00
460,63,500,2016-12-21,11:33:00
461,456,151,2016-10-18,13:59:00
462,316,149,2016-08-18,22:45:00
463,359,102,2016-12-07,14:15:00
464,340,166,2016-08-28,06:33:00
465,83,11,2016-08-07,05:21:00
466,355,415,2016-12-27,05:32:00
467,101,40,2016-08-26,07:29:00
468,353,152,2016-12-06,18:42:00
469,307,52,2016-09-24,09:18:00
470,269,3,2016-11-11,17:29:00
471,32,249,2016-12-31,18:10:00
472,341,482,2016-08-06,02:55:00
473,324,60,2016-12-23,17:07:00
474,61,93,2016-10-19,06:39:00
475,34,351,2016-10-27,16:03:00
476,8,327,2016-11-08,12:31:00
477,424,113,2016-08-28,03:15:00
478,311,212,2016-12-28,03:34:00
479,38,213,2016-09-10,00:24:00
480,119,85,2016-10-22,04:03:00
481,293,500,2016-11-03,12:33:00
482,428,328,2016-10-26,12:34:00
483,179,197,2016-08-07,17:17:00
484,46,250,2016-12-31,12:25:00
485,15,49,2016-11-14,05:37:00
486,447,321,2016-09-08,01:20:00
487,268,248,2016-08-18,09:52:00
488,90,160,2016-09-13,11:17:00
489,9,105,2016-11-02,06:43:00
490,316,336,2016-11-22,06:07:00
491,431,174,2016-09-16,20:34:00
492,329,52,2016-10-23,03:40:00
493,354,350,2016-09-17,15:35:00
494,148,495,2016-08-31,03:45:00
495,316,469,2016-11-19,20:45:00
496,462,427,2016-12-25,10:00:00
497,332,191,2016-11-21,01:29:00
498,84,54,2016-08-04,12:35:00
499,474,419,2016-09-25,08:15:00
500,364,383,2016-11-06,21:45:00
501,368,77,2016-08-04,10:05:00
502,451,339,2016-10-22,14:13:00
503,225,13,2016-12-22,19:06:00
504,477,230,2016-12-17,21:45:00
505,343,481,2016-09-22,21:37:00
506,356,391,2016-09-21,19:44:00
507,420,11,2016-08-28,18:18:00
508,217,46,2016-09-01,11:34:00
509,205,365,2016-09-01,18:23:00
510,247,108,2016-09-14,02:16:00
511,430,413,2016-12-31,03:02:00
512,339,305,2016-11-19,19:19:00
513,379,130,2016-10-18,22:57:00
514,440,9,2016-08-02,22:02:00
515,294,320,2016-11-26,06:06:00
516,217,474,2016-11-14,06:26:00
517,263,113,2016-08-06,02:02:00
518,215,33,2016-09-12,19:12:00
519,435,318,2016-12-24,10:45:00
520,212,49,2016-09-21,02:34:00
521,416,96,2016-08-21,08:05:00
522,94,278,2016-10-23,07:15:00
523,336,483,2016-09-14,07:47:00
524,313,344,2016-10-01,20:03:00
525,176,395,2016-12-12,08:34:00
526,132,354,2016-12-05,06:32:00
527,397,242,2016-09-01,08:23:00
528,96,475,2016-11-21,14:30:00
529,210,342,2016-08-02,07:49:00
530,453,346,2016-08-10,02:03:00
531,393,98,2016-08-05,05:00:00
532,278,294,2016-12-05,12:18:00
533,20,317,2016-12-10,08:31:00
534,72,126,2016-11-14,16:07:00
535,290,234,2016-11-19,18:07:00
536,265,167,2016-12-25,06:40:00
537,132,376,2016-11-21,14:58:00
538,306,20,2016-10-01,08:59:00
539,169,469,2016-10-01,11:38:00
540,327,147,2016-11-26,17:02:00
541,59,306,2016-08-24,03:54:00
542,269,323,2016-11-11,11:03:00
543,463,17,2016-09-20,01:48:00
544,84,242,2016-12-14,07:40:00
545,109,46,2016-09-28,03:38:00
546,218,282,2016-11-09,14:42:00
547,147,381,2016-08-20,13:41:00
548,98,425,2016-12-22,15:24:00
549,101,471,2016-11-26,23:40:00
550,76,425,2016-08-08,06:05:00
551,181,64,2016-10-05,01:43:00
552,315,319,2016-08-24,13:26:00
553,296,337,2016-08-19,16:53:00
554,465,466,2016-11-24,09:53:00
555,486,385,2016-08-03,05:09:00
556,355,157,2016-11-30,01:35:00
557,11,319,2016-08-10,04:11:00
558,472,326,2016-10-04,17:04:00
559,62,78,2016-09-21,20:46:00
560,248,380,2016-09-12,05:45:00
561,352,497,2016-08-04,05:28:00
562,107,217,2016-12-26,04:13:00
563,11,135,2016-09-11,06:24:00
564,496,136,2016-11-03,01:41:00
565,363,268,2016-10-15,09:14:00
566,85,215,2016-11-23,22:56:00
567,59,359,2016-11-27,17:18:00
568,251,463,2016-09-15,19:17:00
569,298,9,2016-09-03,02:09:00
570,35,229,2016-12-31,11:31:00
571,112,256,2016-08-10,23:19:00
572,386,303,2016-12-24,05:46:00
573,52,385,2016-11-05,16:09:00
574,288,138,2016-12-04,03:06:00
575,56,331,2016-08-25,19:27:00
576,61,330,2016-10-12,03:02:00
577,331,383,2016-08-11,10:01:00
578,278,224,2016-11-26,12:30:00
579,84,465,2016-08-15,06:56:00
580,432,166,2016-10-31,20:33:00
581,62,215,2016-08-17,00:26:00
582,81,379,2016-08-17,13:35:00
583,50,398,2016-09-14,06:28:00
584,61,39,2016-08-21,15:11:00
585,405,261,2016-08-23,23:11:00
586,127,3,2016-10-31,17:30:00
587,337,285,2016-10-20,07:36:00
588,183,62,2016-09-25,03:58:00
589,57,470,2016-12-23,19:51:00
590,91,81,2016-09-30,03:24:00
591,147,180,2016-12-30,14:31:00
592,399,159,2016-11-15,00:25:00
593,473,432,2016-11-13,17:14:00
594,48,378,2016-08-24,03:16:00
595,20,360,2016-11-17,02:57:00
596,130,410,2016-11-01,05:46:00
597,437,148,2016-08-13,19:43:00
598,50,60,2016-11-18,06:24:00
599,311,141,2016-10-27,14:06:00
600,473,486,2016-09-02,22:16:00
601,15,42,2016-11-16,19:31:00
602,296,481,2016-08-05,20:57:00
603,45,338,2016-11-02,07:42:00
604,15,475,2016-08-19,01:49:00
605,96,323,2016-12-29,08:23:00
606,402,338,2016-10-14,14:56:00
607,340,453,2016-11-08,17:34:00
608,136,327,2016-08-08,05:41:00
609,414,34,2016-11-11,09:27:00
610,319,409,2016-12-01,10:41:00
611,150,419,2016-08-23,08:27:00
612,362,476,2016-10-12,12:50:00
613,137,33,2016-08-11,19:17:00
614,349,320,2016-10-21,13:27:00
615,330,176,2016-08-19,16:56:00
616,476,81,2016-12-11,19:47:00
617,399,97,2016-12-03,22:11:00
618,495,204,2016-09-23,03:35:00
619,471,40,2016-10-14,00:24:00
620,124,441,2016-09-10,08:47:00
621,88,149,2016-09-29,23:11:00
622,229,472,2016-10-16,22:39:00
623,284,459,2016-12-19,17:12:00
624,464,272,2016-10-20,10:48:00
625,170,318,2016-12-06,02:37:00
626,445,135,2016-12-08,20:04:00
627,370,400,2016-10-30,15:07:00
628,209,2,2016-12-10,10:27:00
629,32,287,2016-09-03,00:09:00
630,205,13,2016-10-15,20:05:00
631,82,216,2016-11-24,16:31:00
632,449,306,2016-12-14,18:43:00
633,415,448,2016-10-18,04:58:00
634,240,494,2016-10-25,21:58:00
635,12,251,2016-11-03,22:14:00
636,161,254,2016-12-04,07:05:00
637,46,459,2016-11-18,17:57:00
638,192,199,2016-08-07,17:19:00
639,423,376,2016-09-28,22:47:00
640,12,337,2016-10-10,13:05:00
641,420,164,2016-08-04,04:51:00
642,315,282,2016-09-14,07:33:00
643,216,120,2016-12-28,14:08:00
644,110,105,2016-08-17,22:18:00
645,188,335,2016-10-13,14:08:00
646,290,6,2016-12-26,06:43:00
647,17,150,2016-10-30,02:19:00
648,457,490,2016-08-19,02:41:00
649,227,10,2016-08-08,14:33:00
650,214,107,2016-12-28,08:58:00
651,275,19,2016-10-13,12:19:00
652,496,422,2016-09-26,14:03:00
653,437,487,2016-10-14,05:02:00
654,416,143,2016-11-03,15:26:00
655,117,444,2016-09-16,13:57:00
656,90,332,2016-11-17,00:12:00
657,206,378,2016-09-13,21:53:00
658,402,122,2016-08-06,18:40:00
659,292,209,2016-10-10,02:28:00
660,333,354,2016-08-22,06:55:00
661,271,45,2016-09-03,09:44:00
662,480,18,2016-08-11,21:47:00
663,113,11,2016-11-18,12:50:00
664,492,382,2016-08-17,20:34:00
665,76,242,2016-08-28,16:14:00
666,249,451,2016-11-27,12:32:00
667,229,149,2016-08-17,13:16:00
668,492,288,2016-11-05,07:38:00
669,301,178,2016-11-21,21:00:00
670,126,296,2016-12-30,23:00:00
671,439,101,2016-12-18,14:36:00
672,80,91,2016-08-21,05:58:00
673,336,111,2016-08-31,03:08:00
674,340,214,2016-10-17,16:38:00
675,56,182,2016-11-13,18:40:00
676,356,152,2016-12-27,09:56:00
677,344,18,2016-12-02,21:57:00
678,416,140,2016-11-16,21:09:00
679,429,371,2016-10-28,12:08:00
680,395,139,2016-10-17,16:27:00
681,375,300,2016-08-27,04:36:00
682,315,56,2016-11-22,00:25:00
683,295,241,2016-11-26,16:00:00
684,499,54,2016-11-18,06:58:00
685,150,98,2016-12-29,22:30:00
686,400,7,2016-09-22,12:57:00
687,122,431,2016-10-19,00:46:00
688,172,260,2016-10-05,05:29:00
689,187,8,2016-09-11,16:16:00
690,24,397,2016-11-19,20:13:00
691,183,302,2016-12-13,12:27:00
692,352,449,2016-08-11,08:59:00
693,450,153,2016-08-27,11:44:00
694,49,483,2016-10-27,09:24:00
695,337,226,2016-10-03,16:25:00
696,170,121,2016-12-30,16:43:00
697,78,49,2016-08-30,14:57:00
698,179,305,2016-09-11,12:17:00
699,97,172,2016-09-04,03:04:00
700,145,449,2016-08-15,05:58:00
701,406,181,2016-08-31,08:20:00
702,83,469,2016-08-07,13:50:00
703,22,359,2016-12-23,19:22:00
704,274,275,2016-08-17,11:36:00
705,144,491,2016-09-25,03:51:00
706,16,286,2016-08-10,14:55:00
707,297,310,2016-08-15,18:03:00
708,19,48,2016-12-09,01:37:00
709,181,142,2016-09-09,04:14:00
710,97,31,2016-12-21,17:36:00
711,17,19,2016-10-30,02:14:00
712,407,78,2016-09-22,11:28:00
713,400,254,2016-10-07,10:50:00
714,500,45,2016-08-07,14:13:00
715,331,389,2016-12-14,13:48:00
716,432,115,2016-08-31,16:37:00
717,41,242,2016-11-22,20:39:00
718,181,346,2016-12-29,02:55:00
719,412,352,2016-08-23,08:53:00
720,237,318,2016-11-23,10:09:00
721,299,473,2016-10-31,03:43:00
722,443,139,2016-09-12,01:05:00
723,29,465,2016-09-16,14:12:00
724,253,142,2016-08-28,16:20:00
725,465,279,2016-12-19,13:55:00
726,13,475,2016-12-15,23:10:00
727,342,258,2016-10-20,17:41:00
728,56,459,2016-08-04,21:30:00
729,492,334,2016-09-04,07:15:00
730,452,160,2016-10-31,14:02:00
731,54,351,2016-12-08,14:57:00
732,211,425,2016-10-12,08:17:00
733,483,191,2016-08-18,17:06:00
734,443,103,2016-08-11,16:00:00
735,283,114,2016-10-04,11:34:00
736,475,80,2016-08-26,09:51:00
737,311,353,2016-08-08,11:30:00
738,85,143,2016-08-16,02:43:00
739,287,26,2016-11-13,03:50:00
740,339,77,2016-11-30,13:50:00
741,290,463,2016-09-12,07:00:00
742,250,132,2016-12-17,20:08:00
743,76,282,2016-10-06,11:35:00
744,23,327,2016-12-08,10:14:00
745,124,114,2016-10-21,06:21:00
746,365,166,2016-10-09,18:52:00
747,119,31,2016-10-29,04:42:00
748,160,16,2016-10-10,02:22:00
749,448,208,2016-10-12,03:22:00
750,46,97,2016-08-23,20:29:00
751,59,27,2016-08-16,00:52:00
752,47,368,2016-10-08,10:27:00
753,387,47,2016-12-26,12:57:00
754,61,219,2016-12-22,13:37:00
755,276,74,2016-10-12,22:59:00
756,307,397,2016-10-17,11:19:00
757,379,226,2016-12-11,06:24:00
758,94,261,2016-10-16,10:49:00
759,51,70,2016-11-04,22:12:00
760,44,177,2016-10-01,22:04:00
761,214,161,2016-08-10,21:53:00
762,111,353,2016-10-20,01:45:00
763,383,141,2016-09-28,23:15:00
764,220,196,2016-11-24,09:26:00
765,381,311,2016-10-28,00:13:00
766,174,51,2016-08-25,12:43:00
767,171,465,2016-09-01,20:52:00
768,256,152,2016-12-29,16:41:00
769,319,15,2016-10-03,12:04:00
770,401,49,2016-09-12,21:22:00
771,424,263,2016-10-13,10:43:00
772,172,188,2016-12-23,14:26:00
773,114,44,2016-12-22,07:13:00
774,219,214,2016-11-06,04:46:00
775,236,133,2016-10-12,04:54:00
776,139,309,2016-10-16,18:31:00
777,34,48,2016-10-13,04:32:00
778,72,279,2016-10-10,19:40:00
779,325,173,2016-09-06,16:49:00
780,315,421,2016-09-23,09:24:00
781,240,485,2016-11-26,11:03:00
782,290,439,2016-10-31,16:45:00
783,59,239,2016-10-20,04:59:00
784,58,155,2016-10-25,08:47:00
785,13,89,2016-11-23,16:26:00
786,99,267,2016-12-08,17:44:00
787,222,305,2016-09-19,10:57:00
788,48,461,2016-10-02,09:12:00
789,21,286,2016-12-07,17:27:00
790,345,279,2016-10-08,17:15:00
791,472,168,2016-08-13,23:40:00
792,472,365,2016-08-20,19:32:00
793,268,335,2016-08-24,07:16:00
794,76,155,2016-10-21,00:17:00
795,247,178,2016-08-05,04:15:00
796,37,98,2016-12-07,23:22:00
797,499,366,2016-11-16,04:30:00
798,402,433,2016-12-09,13:45:00
799,49,264,2016-10-14,20:28:00
800,366,403,2016-11-10,11:49:00
801,96,39,2016-11-13,22:53:00
802,384,96,2016-11-04,21:48:00
803,81,357,2016-10-15,19:51:00
804,349,284,2016-08-04,15:52:00
805,181,460,2016-12-17,14:51:00
806,409,372,2016-12-27,02:27:00
807,388,159,2016-11-06,20:28:00
808,55,96,2016-11-18,18:40:00
809,283,92,2016-11-03,00:27:00
810,349,381,2016-11-03,09:54:00
811,500,164,2016-12-24,06:54:00
812,51,1,2016-12-29,13:48:00
813,34,192,2016-09-01,20:12:00
814,40,70,2016-10-17,20:35:00
815,283,264,2016-11-17,04:15:00
816,400,498,2016-11-15,21:29:00
817,307,205,2016-10-12,17:45:00
818,66,16,2016-12-16,14:20:00
819,371,499,2016-09-18,18:55:00
820,2,223,2016-12-07,20:36:00
821,20,394,2016-09-15,04:01:00
822,192,46,2016-08-28,17:43:00
823,439,276,2016-11-22,15:44:00
824,498,103,2016-11-10,03:54:00
825,461,310,2016-12-31,10:04:00
826,99,489,2016-08-11,19:06:00
827,275,257,2016-10-28,11:03:00
828,1,252,2016-12-15,23:41:00
829,91,448,2016-12-15,23:34:00
830,56,159,2016-10-24,10:26:00
831,191,58,2016-10-30,23:31:00
832,228,320,2016-10-19,06:59:00
833,394,332,2016-08-10,09:19:00
834,461,177,2016-09-22,06:57:00
835,449,297,2016-12-26,16:25:00
836,76,125,2016-11-11,02:11:00
837,71,196,2016-08-07,08:21:00
838,62,388,2016-11-10,15:07:00
839,229,201,2016-11-06,19:31:00
840,244,79,2016-08-10,01:49:00
841,342,59,2016-09-26,06:37:00
842,251,237,2016-11-06,17:16:00
843,328,224,2016-09-09,23:43:00
844,453,351,2016-09-29,02:54:00
845,206,358,2016-10-30,16:05:00
846,117,430,2016-11-07,06:42:00
847,364,198,2016-12-07,22:14:00
848,495,490,2016-12-19,22:12:00
849,228,122,2016-12-03,20:01:00
850,135,341,2016-12-22,13:36:00
851,254,298,2016-08-16,11:15:00
852,123,219,2016-10-30,17:19:00
853,247,378,2016-09-10,07:48:00
854,80,92,2016-09-22,06:14:00
855,351,343,2016-11-26,02:26:00
856,381,3,2016-08-01,08:01:00
857,365,494,2016-10-09,06:32:00
858,442,382,2016-12-13,16:17:00
859,131,435,2016-11-09,19:24:00
860,145,458,2016-08-31,15:45:00
861,43,200,2016-12-04,01:10:00
862,358,278,2016-12-04,09:21:00
863,143,378,2016-09-22,08:23:00
864,426,354,2016-10-28,02:28:00
865,354,446,2016-09-22,18:02:00
866,138,451,2016-11-18,03:11:00
867,33,364,2016-08-08,03:52:00
868,245,342,2016-10-14,14:17:00
869,344,276,2016-11-10,03:06:00
870,208,450,2016-10-15,10:13:00
871,346,493,2016-10-24,23:48:00
872,138,186,2016-10-23,16:01:00
873,298,274,2016-09-12,11:43:00
874,415,133,2016-12-27,14:23:00
875,444,46,2016-10-07,02:32:00
876,104,73,2016-10-15,09:09:00
877,97,389,2016-08-10,07:45:00
878,251,478,2016-11-19,03:01:00
879,135,91,2016-11-08,22:37:00
880,120,254,2016-09-20,22:41:00
881,380,106,2016-08-05,22:59:00
882,332,120,2016-08-20,14:57:00
883,324,45,2016-11-03,16:26:00
884,27,370,2016-10-16,15:33:00
885,7,94,2016-09-09,18:28:00
886,365,414,2016-09-18,09:31:00
887,210,60,2016-11-09,03:59:00
888,19,471,2016-12-18,06:44:00
889,123,3,2016-11-10,11:28:00
890,181,448,2016-12-06,06:06:00
891,147,435,2016-10-14,18:53:00
892,280,178,2016-10-24,01:41:00
893,134,307,2016-11-14,15:15:00
894,467,105,2016-12-21,15:25:00
895,418,191,2016-11-03,18:24:00
896,97,189,2016-08-29,17:40:00
897,357,61,2016-11-07,22:51:00
898,486,248,2016-11-18,22:41:00
899,131,374,2016-11-26,22:47:00
900,26,45,2016-10-06,18:25:00
901,7,285,2016-10-28,12:55:00
902,61,21,2016-11-11,03:43:00
903,457,210,2016-08-28,03:10:00
904,242,249,2016-09-27,23:55:00
905,147,379,2016-11-12,15:00:00
906,348,272,2016-10-17,04:13:00
907,204,446,2016-10-10,09:37:00
908,157,56,2016-08-27,03:47:00
909,357,352,2016-08-26,10:30:00
910,460,147,2016-08-11,16:33:00
911,351,342,2016-11-20,02:57:00
912,251,237,2016-08-28,23:43:00
913,48,165,2016-09-01,23:10:00
914,294,425,2016-10-29,11:31:00
915,41,44,2016-10-09,22:45:00
916,200,397,2016-12-12,07:41:00
917,23,57,2016-12-29,06:46:00
918,1,272,2016-10-20,04:35:00
919,319,354,2016-11-15,06:05:00
920,28,396,2016-12-27,12:59:00
921,179,387,2016-09-18,07:15:00
922,434,5,2016-08-12,01:20:00
923,191,74,2016-09-04,10:22:00
924,468,128,2016-11-29,01:19:00
925,136,414,2016-11-07,10:48:00
926,111,5,2016-09-28,07:13:00
927,118,1,2016-11-05,21:25:00
928,95,400,2016-09-09,13:01:00
929,257,11,2016-09-17,05:09:00
930,112,461,2016-12-10,07:39:00
931,199,169,2016-08-04,09:09:00
932,185,201,2016-09-04,19:00:00
933,308,218,2016-09-16,00:05:00
934,307,368,2016-10-12,09:46:00
935,473,174,2016-12-30,22:12:00
936,460,187,2016-08-20,13:41:00
937,203,364,2016-08-30,11:24:00
938,407,49,2016-09-06,06:48:00
939,54,266,2016-12-28,08:10:00
940,257,249,2016-08-24,15:26:00
941,35,359,2016-12-16,21:16:00
942,62,294,2016-08-16,23:43:00
943,481,69,2016-09-20,04:57:00
944,370,444,2016-12-28,13:42:00
945,296,441,2016-11-09,21:55:00
946,172,308,2016-10-14,11:49:00
947,442,7,2016-10-21,16:46:00
948,130,295,2016-08-02,10:30:00
949,454,479,2016-08-22,21:33:00
950,337,359,2016-10-11,15:42:00
951,473,163,2016-08-17,04:33:00
952,55,212,2016-09-02,01:24:00
953,359,77,2016-08-31,06:12:00
954,66,13,2016-10-08,06:57:00
955,210,187,2016-10-22,06:41:00
956,119,488,2016-09-08,14:44:00
957,367,75,2016-10-30,16:12:00
958,366,308,2016-12-02,03:37:00
959,334,278,2016-08-29,00:30:00
960,438,486,2016-12-01,12:43:00
961,215,250,2016-11-06,22:38:00
962,202,318,2016-10-01,04:06:00
963,20,156,2016-11-17,22:21:00
964,220,174,2016-09-27,01:13:00
965,337,409,2016-12-14,09:29:00
966,241,154,2016-08-02,00:04:00
967,152,291,2016-12-01,21:47:00
968,236,19,2016-12-20,23:09:00
969,191,200,2016-11-30,15:32:00
970,375,348,2016-11-21,00:27:00
971,137,428,2016-11-06,11:32:00
972,459,226,2016-09-10,22:47:00
973,104,117,2016-08-01,17:45:00
974,261,106,2016-11-05,02:11:00
975,460,98,2016-12-24,05:05:00
976,380,229,2016-10-18,19:59:00
977,355,288,2016-10-06,20:22:00
978,30,344,2016-12-28,17:15:00
979,153,274,2016-09-16,17:38:00
980,278,76,2016-08-27,14:24:00
981,24,431,2016-10-09,07:24:00
982,332,461,2016-09-20,05:44:00
983,340,210,2016-09-17,05:10:00
984,170,103,2016-08-09,07:34:00
985,476,229,2016-09-23,03:03:00
986,16,361,2016-09-23,23:35:00
987,367,392,2016-10-08,17:19:00
988,74,342,2016-10-16,18:42:00
989,340,239,2016-09-16,22:42:00
990,227,345,2016-09-02,04:12:00
991,403,281,2016-12-19,22:43:00
992,287,367,2016-08-18,08:20:00
993,157,471,2016-09-25,14:27:00
994,206,373,2016-08-06,10:37:00
995,374,493,2016-11-25,11:41:00
996,384,128,2016-11-07,11:58:00
997,402,477,2016-11-15,14:19:00
998,96,263,2016-12-25,04:02:00
999,327,345,2016-10-19,01:26:00
1000,129,305,2016-11-27,00:49:00
1001,706,915,2016-11-22,16:24:00
1002,912,991,2016-12-13,04:08:00
1003,538,753,2016-08-18,09:57:00
1004,943,886,2016-08-13,10:08:00
1005,943,960,2016-08-12,18:26:00
1006,621,946,2016-09-21,04:26:00
1007,768,741,2016-10-20,02:11:00
1008,593,602,2016-12-04,12:27:00
1009,807,957,2016-08-20,00:15:00
1010,635,982,2016-12-21,22:17:00
1011,700,721,2016-10-13,08:13:00
1012,537,860,2016-12-03,11:20:00
1013,822,938,2016-12-05,02:29:00
1014,887,576,2016-11-05,17:57:00
1015,772,971,2016-10-02,11:01:00
1016,580,756,2016-09-08,09:01:00
1017,839,792,2016-10-02,02:13:00
1018,512,585,2016-10-19,12:43:00
1019,560,949,2016-11-11,12:33:00
1020,825,841,2016-12-09,03:15:00
1021,522,542,2016-12-17,06:39:00
1022,835,511,2016-10-31,22:13:00
1023,853,688,2016-10-30,12:46:00
1024,524,798,2016-10-25,12:23:00
1025,910,506,2016-08-16,09:06:00
1026,571,917,2016-09-10,05:52:00
1027,511,945,2016-08-01,19:18:00
1028,699,588,2016-10-03,07:52:00
1029,657,661,2016-10-02,21:38:00
1030,563,901,2016-11-14,10:27:00
1031,796,968,2016-12-08,15:10:00
1032,991,568,2016-11-23,12:21:00
1033,641,535,2016-12-01,20:24:00
1034,864,540,2016-09-14,20:05:00
1035,740,646,2016-11-07,11:44:00
1036,728,920,2016-12-16,12:08:00
1037,949,975,2016-12-18,05:30:00
1038,925,523,2016-11-24,02:44:00
1039,772,573,2016-11-18,05:33:00
1040,757,791,2016-08-05,11:44:00
1041,606,664,2016-11-29,06:48:00
1042,795,978,2016-11-30,10:52:00
1043,535,913,2016-12-08,22:08:00
1044,799,541,2016-10-09,20:45:00
1045,903,969,2016-10-11,10:21:00
1046,661,954,2016-10-30,16:18:00
1047,541,763,2016-08-21,07:55:00
1048,917,811,2016-09-10,17:14:00
1049,798,809,2016-12-28,20:08:00
1050,962,841,2016-08-21,03:00:00
1051,548,748,2016-09-27,12:03:00
1052,929,984,2016-08-01,21:45:00
1053,698,595,2016-09-07,14:49:00
1054,963,873,2016-08-17,18:02:00
1055,940,519,2016-11-08,06:17:00
1056,526,812,2016-10-10,00:47:00
1057,729,648,2016-08-01,11:48:00
1058,869,584,2016-09-29,15:40:00
1059,755,703,2016-09-08,16:43:00
1060,574,774,2016-12-01,07:40:00
1061,664,541,2016-08-03,08:57:00
1062,758,562,2016-08-06,13:17:00
1063,537,531,2016-08-06,20:42:00
1064,617,985,2016-08-10,20:28:00
1065,762,830,2016-08-08,12:46:00
1066,910,702,2016-11-02,21:11:00
1067,545,851,2016-08-25,17:52:00
1068,634,823,2016-11-03,02:26:00
1069,732,820,2016-12-16,11:21:00
1070,957,531,2016-09-02,22:48:00
1071,927,1000,2016-09-30,00:50:00
1072,684,772,2016-08-20,17:57:00
1073,740,547,2016-11-27,23:32:00
1074,599,565,2016-09-24,18:34:00
1075,571,785,2016-09-02,05:36:00
1076,693,702,2016-11-11,18:03:00
1077,604,508,2016-09-02,22:59:00
1078,598,820,2016-11-21,07:56:00
1079,906,814,2016-11-07,02:52:00
1080,886,743,2016-12-11,08:58:00
1081,924,905,2016-11-30,05:53:00
1082,557,542,2016-09-21,08:57:00
1083,537,803,2016-11-08,10:02:00
1084,924,859,2016-08-14,04:23:00
1085,527,589,2016-10-14,01:35:00
1086,604,555,2016-08-07,20:26:00
1087,775,659,2016-09-03,14:20:00
1088,663,545,2016-09-03,22:19:00
1089,857,893,2016-11-16,14:09:00
1090,756,813,2016-12-13,14:14:00
1091,659,710,2016-12-19,15:02:00
1092,985,999,2016-09-05,20:05:00
1093,864,748,2016-11-21,03:33:00
1094,955,886,2016-09-03,10:21:00
1095,878,651,2016-09-03,03:14:00
1096,833,960,2016-08-19,21:41:00
1097,515,663,2016-11-22,07:34:00
1098,961,960,2016-09-14,16:38:00
1099,810,841,2016-09-18,08:04:00
1100,764,917,2016-09-08,18:32:00
1101,502,535,2016-10-10,17:31:00
1102,877,621,2016-11-12,03:38:00
1103,534,888,2016-08-19,18:13:00
1104,898,738,2016-09-24,13:02:00
1105,532,961,2016-08-11,05:45:00
1106,752,679,2016-11-09,00:30:00
1107,647,672,2016-08-25,01:09:00
1108,844,597,2016-12-23,18:22:00
1109,691,721,2016-12-27,04:48:00
1110,878,725,2016-09-01,16:49:00
1111,961,513,2016-12-04,06:13:00
1112,505,641,2016-12-07,09:59:00
1113,633,918,2016-09-20,13:36:00
1114,750,525,2016-10-29,05:05:00
1115,799,501,2016-08-07,04:34:00
1116,904,648,2016-08-04,10:51:00
1117,802,771,2016-08-22,12:23:00
1118,974,650,2016-08-22,03:16:00
1119,890,693,2016-10-14,11:27:00
1120,564,806,2016-11-09,21:21:00
1121,910,564,2016-09-06,01:59:00
1122,989,631,2016-08-10,19:23:00
1123,647,541,2016-12-28,12:07:00
1124,540,862,2016-11-03,16:14:00
1125,819,672,2016-09-16,07:18:00
1126,510,985,2016-09-05,17:56:00
1127,622,581,2016-11-13,15:45:00
1128,619,775,2016-09-20,17:31:00
1129,830,834,2016-10-20,06:40:00
1130,816,535,2016-10-13,12:27:00
1131,624,686,2016-08-04,13:10:00
1132,565,755,2016-12-30,04:35:00
1133,753,763,2016-09-21,17:12:00
1134,649,728,2016-12-16,12:28:00
1135,888,551,2016-08-09,19:22:00
1136,618,720,2016-08-09,12:13:00
1137,978,568,2016-10-11,20:29:00
1138,545,571,2016-08-11,05:35:00
1139,757,612,2016-12-30,22:21:00
1140,615,875,2016-12-15,02:15:00
1141,814,511,2016-08-16,20:35:00
1142,609,578,2016-11-20,21:22:00
1143,681,698,2016-09-12,15:35:00
1144,929,919,2016-11-24,03:01:00
1145,676,983,2016-12-14,01:16:00
1146,730,649,2016-11-02,12:34:00
1147,798,595,2016-12-23,20:42:00
1148,651,914,2016-11-07,00:11:00
1149,908,666,2016-08-28,19:01:00
1150,509,844,2016-11-22,11:18:00
1151,847,875,2016-11-03,02:02:00
1152,608,693,2016-12-09,12:30:00
1153,652,875,2016-10-11,04:53:00
1154,925,691,2016-09-09,06:17:00
1155,987,928,2016-09-23,11:36:00
1156,723,544,2016-12-02,16:43:00
1157,609,564,2016-08-04,18:21:00
1158,853,907,2016-10-08,19:35:00
1159,869,923,2016-12-03,11:59:00
1160,918,945,2016-12-05,13:10:00
1161,626,804,2016-10-11,17:02:00
1162,593,937,2016-09-10,16:11:00
1163,623,763,2016-08-21,01:00:00
1164,720,929,2016-11-17,12:56:00
1165,758,604,2016-08-06,16:12:00
1166,645,883,2016-12-01,22:06:00
1167,988,663,2016-11-09,15:53:00
1168,678,889,2016-08-19,15:47:00
1169,746,891,2016-08-25,03:37:00
1170,511,552,2016-09-18,13:51:00
1171,768,635,2016-08-27,13:04:00
1172,795,974,2016-11-11,19:58:00
1173,812,982,2016-09-28,07:17:00
1174,515,548,2016-10-02,20:01:00
1175,538,747,2016-12-09,08:58:00
1176,795,742,2016-09-11,19:23:00
1177,717,547,2016-11-01,08:20:00
1178,541,875,2016-09-09,11:38:00
1179,997,737,2016-08-30,15:29:00
1180,782,805,2016-12-13,07:43:00
1181,805,538,2016-10-09,00:35:00
1182,845,891,2016-08-05,14:43:00
1183,543,945,2016-12-25,17:20:00
1184,759,698,2016-10-31,09:12:00
1185,937,984,2016-12-18,20:09:00
1186,986,933,2016-12-31,19:38:00
1187,565,875,2016-08-02,12:50:00
1188,791,908,2016-12-17,17:52:00
1189,956,989,2016-10-01,16:30:00
1190,720,741,2016-08-20,03:15:00
1191,639,844,2016-11-25,18:13:00
1192,706,772,2016-10-13,23:27:00
1193,658,619,2016-12-25,04:48:00
1194,731,718,2016-11-22,18:55:00
1195,566,850,2016-10-03,14:28:00
1196,651,688,2016-11-22,12:07:00
1197,779,799,2016-10-30,08:40:00
1198,542,833,2016-10-15,12:25:00
1199,714,783,2016-10-08,19:20:00
1200,609,767,2016-09-19,23:34:00
1201,727,501,2016-11-17,06:38:00
1202,557,901,2016-11-03,16:01:00
1203,995,905,2016-08-23,01:40:00
1204,813,958,2016-12-06,08:53:00
1205,934,943,2016-11-30,19:06:00
1206,689,994,2016-09-24,11:21:00
1207,892,579,2016-08-30,12:07:00
1208,620,615,2016-09-03,06:27:00
1209,886,864,2016-10-31,16:19:00
1210,637,730,2016-12-07,13:58:00
1211,730,787,2016-12-02,09:10:00
1212,741,758,2016-09-05,14:04:00
1213,942,793,2016-11-24,10:55:00
1214,912,516,2016-10-14,17:47:00
1215,688,589,2016-09-05,21:04:00
1216,668,950,2016-11-01,20:58:00
1217,729,774,2016-12-07,12:59:00
1218,801,809,2016-09-29,04:49:00
1219,838,805,2016-12-08,14:32:00
1220,984,969,2016-10-21,00:54:00
1221,540,849,2016-12-10,09:25:00
1222,798,589,2016-12-09,18:41:00
1223,750,657,2016-12-03,06:28:00
1224,657,655,2016-10-08,08:52:00
1225,908,518,2016-12-25,06:22:00
1226,959,579,2016-10-04,08:36:00
1227,670,780,2016-12-22,14:04:00
1228,734,623,2016-11-23,00:12:00
1229,659,762,2016-09-07,07:21:00
1230,658,871,2016-09-08,07:13:00
1231,549,935,2016-09-22,12:44:00
1232,955,790,2016-09-27,15:15:00
1233,958,806,2016-10-11,06:19:00
1234,802,536,2016-10-22,06:58:00
1235,603,669,2016-10-27,13:27:00
1236,806,747,2016-10-22,05:02:00
1237,636,568,2016-09-12,12:13:00
1238,657,540,2016-08-07,16:02:00
1239,663,888,2016-08-11,08:54:00
1240,851,603,2016-12-05,14:33:00
1241,685,875,2016-10-31,19:27:00
1242,669,666,2016-11-18,04:30:00
1243,848,714,2016-09-20,01:18:00
1244,778,533,2016-09-13,16:03:00
1245,899,774,2016-08-31,04:58:00
1246,634,900,2016-12-25,17:01:00
1247,738,713,2016-10-17,03:40:00
1248,525,751,2016-10-05,00:36:00
1249,560,560,2016-10-21,01:55:00
1250,689,663,2016-09-03,22:30:00
1251,679,836,2016-10-19,20:20:00
1252,816,594,2016-12-27,16:54:00
1253,870,736,2016-12-19,22:57:00
1254,660,718,2016-09-23,16:34:00
1255,929,985,2016-08-11,13:52:00
1256,673,783,2016-08-30,06:26:00
1257,849,551,2016-10-08,08:19:00
1258,596,869,2016-08-09,16:28:00
1259,733,717,2016-08-01,23:07:00
1260,514,644,2016-10-21,11:55:00
1261,865,662,2016-08-25,17:47:00
1262,746,871,2016-08-18,00:18:00
1263,935,904,2016-09-28,06:50:00
1264,951,581,2016-09-28,22:17:00
1265,768,817,2016-12-09,01:19:00
1266,775,539,2016-12-25,11:47:00
1267,603,875,2016-10-15,01:40:00
1268,685,786,2016-12-19,21:44:00
1269,869,785,2016-10-06,06:10:00
1270,827,611,2016-11-12,14:21:00
1271,974,907,2016-09-16,17:03:00
1272,678,545,2016-08-05,01:29:00
1273,695,923,2016-10-01,16:50:00
1274,669,872,2016-10-23,15:30:00
1275,897,690,2016-10-10,14:10:00
1276,970,575,2016-08-05,18:23:00
1277,576,560,2016-11-10,06:06:00
1278,730,527,2016-12-25,04:43:00
1279,634,547,2016-12-07,08:00:00
1280,562,919,2016-11-05,21:42:00
1281,760,621,2016-08-25,04:35:00
1282,722,669,2016-08-20,20:39:00
1283,627,927,2016-08-26,05:54:00
1284,547,761,2016-08-03,21:04:00
1285,905,502,2016-08-08,11:07:00
1286,532,773,2016-09-19,14:58:00
1287,743,542,2016-11-03,13:46:00
1288,701,735,2016-09-27,12:45:00
1289,550,593,2016-09-03,15:15:00
1290,759,660,2016-08-16,10:54:00
1291,846,854,2016-08-22,16:43:00
1292,769,946,2016-12-11,17:49:00
1293,641,562,2016-08-26,01:03:00
1294,553,844,2016-10-15,17:21:00
1295,824,574,2016-11-23,21:29:00
1296,854,868,2016-12-22,04:33:00
1297,663,867,2016-08-04,08:47:00
1298,806,869,2016-08-25,20:20:00
1299,927,896,2016-10-18,07:29:00
1300,829,539,2016-11-14,08:07:00
1301,518,857,2016-08-23,10:05:00
1302,722,866,2016-11-26,04:10:00
1303,572,756,2016-10-24,14:49:00
1304,883,805,2016-08-25,10:21:00
1305,758,682,2016-08-17,02:23:00
1306,709,909,2016-10-04,03:55:00
1307,679,970,2016-09-15,23:27:00
1308,905,978,2016-12-13,05:17:00
1309,975,877,2016-12-10,02:20:00
1310,825,877,2016-08-29,04:17:00
1311,700,534,2016-09-21,00:31:00
1312,602,697,2016-12-01,03:34:00
1313,798,504,2016-08-12,12:56:00
1314,817,731,2016-09-25,12:23:00
1315,915,909,2016-10-31,22:17:00
1316,691,598,2016-11-05,21:27:00
1317,988,734,2016-12-15,20:51:00
1318,677,917,2016-11-09,10:18:00
1319,534,933,2016-12-10,01:39:00
1320,959,847,2016-08-04,04:46:00
1321,638,993,2016-10-18,22:29:00
1322,645,523,2016-08-25,05:44:00
1323,572,597,2016-10-19,03:59:00
1324,633,776,2016-12-05,03:20:00
1325,563,652,2016-10-16,06:20:00
1326,920,971,2016-12-02,06:07:00
1327,665,870,2016-09-19,08:15:00
1328,829,827,2016-10-07,10:32:00
1329,910,828,2016-09-17,20:13:00
1330,698,864,2016-10-13,14:48:00
1331,841,608,2016-10-25,13:06:00
1332,803,580,2016-08-30,13:25:00
1333,994,718,2016-10-08,19:33:00
1334,774,889,2016-09-17,04:00:00
1335,793,930,2016-10-17,08:56:00
1336,719,821,2016-09-28,10:46:00
1337,789,728,2016-12-29,04:54:00
1338,762,628,2016-09-26,12:45:00
1339,940,896,2016-09-14,15:20:00
1340,805,578,2016-08-26,00:42:00
1341,701,774,2016-09-19,03:55:00
1342,697,950,2016-10-25,12:02:00
1343,808,803,2016-08-27,23:08:00
1344,678,927,2016-09-22,06:12:00
1345,683,608,2016-10-08,17:31:00
1346,774,569,2016-10-02,18:32:00
1347,502,676,2016-12-22,17:51:00
1348,826,603,2016-11-23,05:29:00
1349,704,538,2016-10-30,01:48:00
1350,584,896,2016-10-24,08:33:00
1351,861,865,2016-12-19,13:36:00
1352,970,812,2016-11-04,11:55:00
1353,695,708,2016-10-05,23:58:00
1354,526,535,2016-11-24,15:21:00
1355,806,724,2016-09-19,06:01:00
1356,997,949,2016-08-01,15:01:00
1357,542,618,2016-09-17,15:00:00
1358,522,962,2016-09-06,16:36:00
1359,879,672,2016-12-09,05:17:00
1360,783,623,2016-09-15,03:19:00
1361,899,519,2016-10-31,11:19:00
1362,673,967,2016-11-08,13:01:00
1363,508,747,2016-09-29,17:03:00
1364,895,582,2016-08-25,00:32:00
1365,643,616,2016-10-31,08:55:00
1366,563,540,2016-09-13,12:29:00
1367,631,557,2016-09-25,10:48:00
1368,657,857,2016-11-09,14:47:00
1369,548,582,2016-10-31,22:07:00
1370,754,778,2016-08-15,04:18:00
1371,915,703,2016-12-23,20:08:00
1372,665,871,2016-12-15,02:34:00
1373,845,949,2016-11-03,01:44:00
1374,674,518,2016-08-26,20:44:00
1375,710,735,2016-11-26,14:40:00
1376,516,565,2016-11-17,03:07:00
1377,700,648,2016-10-16,07:36:00
1378,513,646,2016-09-26,20:47:00
1379,968,731,2016-11-18,19:40:00
1380,576,938,2016-09-03,21:31:00
1381,860,945,2016-11-08,17:41:00
1382,636,593,2016-08-31,00:45:00
1383,959,667,2016-10-05,10:30:00
1384,851,819,2016-10-18,10:10:00
1385,692,506,2016-09-29,23:01:00
1386,984,676,2016-12-15,01:18:00
1387,855,695,2016-11-07,14:01:00
1388,916,769,2016-11-21,14:47:00
1389,802,893,2016-12-11,17:10:00
1390,983,551,2016-09-05,10:45:00
1391,596,560,2016-08-30,15:38:00
1392,903,818,2016-09-15,22:12:00
1393,783,687,2016-09-30,01:54:00
1394,865,773,2016-09-02,07:30:00
1395,834,529,2016-11-09,06:20:00
1396,543,925,2016-11-29,19:16:00
1397,679,982,2016-12-25,12:10:00
1398,770,531,2016-10-17,03:04:00
1399,821,731,2016-09-28,17:37:00
1400,656,878,2016-08-16,20:11:00
1401,503,525,2016-10-22,19:53:00
1402,681,632,2016-12-01,22:05:00
1403,868,992,2016-08-18,14:26:00
1404,855,819,2016-11-10,05:03:00
1405,649,722,2016-08-28,04:27:00
1406,967,932,2016-09-23,04:42:00
1407,808,730,2016-12-25,22:23:00
1408,937,516,2016-10-14,22:25:00
1409,989,613,2016-12-07,13:09:00
1410,835,949,2016-09-29,16:41:00
1411,703,626,2016-10-30,21:18:00
1412,891,781,2016-12-12,22:47:00
1413,694,674,2016-09-16,23:22:00
1414,668,606,2016-12-02,04:27:00
1415,964,734,2016-08-10,15:42:00
1416,966,728,2016-12-17,05:50:00
1417,947,542,2016-09-16,14:59:00
1418,589,832,2016-09-16,05:53:00
1419,658,567,2016-11-08,04:12:00
1420,507,997,2016-11-17,23:10:00
1421,862,979,2016-10-05,14:29:00
1422,879,691,2016-11-06,08:08:00
1423,740,907,2016-12-10,16:54:00
1424,897,840,2016-08-04,19:51:00
1425,623,665,2016-08-29,21:59:00
1426,577,748,2016-10-17,23:49:00
1427,589,693,2016-10-29,23:24:00
1428,637,840,2016-12-11,18:27:00
1429,657,907,2016-10-09,00:21:00
1430,674,973,2016-11-04,08:28:00
1431,830,823,2016-08-26,18:11:00
1432,517,640,2016-09-11,05:56:00
1433,824,592,2016-10-26,13:55:00
1434,523,909,2016-10-07,21:03:00
1435,616,920,2016-10-30,21:18:00
1436,726,780,2016-08-22,21:33:00
1437,993,732,2016-08-22,02:53:00
1438,511,617,2016-10-29,10:46:00
1439,744,777,2016-09-04,23:18:00
1440,730,608,2016-09-14,14:31:00
1441,860,542,2016-09-23,17:45:00
1442,895,870,2016-10-17,02:19:00
1443,693,911,2016-11-10,05:09:00
1444,986,837,2016-08-20,22:36:00
1445,975,625,2016-08-28,01:09:00
1446,509,672,2016-12-17,01:53:00
1447,850,562,2016-09-17,12:02:00
1448,701,775,2016-10-13,04:33:00
1449,965,698,2016-12-26,23:06:00
1450,747,660,2016-12-24,14:22:00
1451,658,861,2016-10-18,21:41:00
1452,673,714,2016-08-26,13:31:00
1453,809,847,2016-11-16,09:12:00
1454,706,846,2016-12-22,14:15:00
1455,978,716,2016-09-19,07:46:00
1456,567,809,2016-12-03,01:56:00
1457,695,623,2016-12-17,03:46:00
1458,818,613,2016-10-03,03:43:00
1459,876,642,2016-12-21,06:16:00
1460,634,940,2016-08-19,13:46:00
1461,928,651,2016-08-16,18:17:00
1462,882,903,2016-10-14,16:04:00
1463,653,905,2016-12-18,22:31:00
1464,636,823,2016-08-13,10:30:00
1465,898,804,2016-08-22,17:39:00
1466,729,951,2016-09-29,06:40:00
1467,787,763,2016-09-29,09:04:00
1468,793,930,2016-12-12,01:05:00
1469,508,671,2016-11-25,05:05:00
1470,802,704,2016-11-02,08:45:00
1471,859,952,2016-12-25,02:26:00
1472,991,869,2016-12-01,11:24:00
1473,589,581,2016-08-19,03:40:00
1474,512,886,2016-12-16,11:18:00
1475,694,684,2016-09-28,06:53:00
1476,862,950,2016-12-06,22:37:00
1477,688,800,2016-08-14,22:15:00
1478,647,860,2016-12-15,06:07:00
1479,585,792,2016-12-29,11:21:00
1480,788,996,2016-11-26,16:04:00
1481,503,980,2016-08-23,03:50:00
1482,567,582,2016-10-12,00:49:00
1483,645,580,2016-09-08,11:56:00
1484,535,796,2016-12-07,19:25:00
1485,980,512,2016-08-13,07:49:00
1486,760,863,2016-10-31,11:33:00
1487,948,694,2016-11-15,11:44:00
1488,573,973,2016-11-09,13:44:00
1489,640,994,2016-10-26,15:43:00
1490,932,937,2016-10-21,00:11:00
1491,809,896,2016-12-02,07:24:00
1492,719,645,2016-08-03,02:47:00
1493,589,883,2016-08-31,04:02:00
1494,899,540,2016-12-05,12:49:00
1495,656,643,2016-10-04,16:41:00
1496,666,530,2016-12-21,07:38:00
1497,802,504,2016-12-29,02:00:00
1498,939,877,2016-09-10,06:42:00
1499,963,576,2016-08-22,18:52:00
1500,593,920,2016-12-31,00:05:00
1501,572,820,2016-12-24,01:56:00
1502,703,777,2016-12-30,02:36:00
1503,911,762,2016-10-23,02:10:00
1504,668,843,2016-08-01,00:26:00
1505,604,932,2016-08-20,07:20:00
1506,543,764,2016-10-05,00:33:00
1507,900,840,2016-08-18,17:09:00
1508,550,563,2016-08-14,16:27:00
1509,802,743,2016-10-17,14:46:00
1510,929,634,2016-10-06,14:17:00
1511,616,727,2016-10-15,02:32:00
1512,999,918,2016-12-06,00:42:00
1513,712,666,2016-08-21,14:03:00
1514,712,621,2016-09-10,19:49:00
1515,630,814,2016-10-20,09:14:00
1516,539,600,2016-11-09,17:30:00
1517,820,644,2016-11-01,11:20:00
1518,734,502,2016-12-02,21:23:00
1519,897,971,2016-09-03,01:51:00
1520,921,968,2016-10-04,12:45:00
1521,899,951,2016-09-15,20:54:00
1522,732,729,2016-12-21,15:03:00
1523,847,652,2016-12-28,14:36:00
1524,617,892,2016-08-11,05:59:00
1525,641,764,2016-10-09,17:57:00
1526,821,757,2016-08-03,06:12:00
1527,803,872,2016-08-19,18:32:00
1528,597,819,2016-09-18,07:24:00
1529,713,774,2016-12-13,19:38:00
1530,675,961,2016-09-27,18:53:00
1531,616,796,2016-10-22,21:12:00
1532,785,832,2016-10-30,15:14:00
1533,919,965,2016-11-29,20:46:00
1534,976,936,2016-11-09,08:30:00
1535,855,825,2016-08-25,16:30:00
1536,745,793,2016-11-18,18:53:00
1537,957,966,2016-09-09,00:58:00
1538,782,897,2016-12-10,22:20:00
1539,886,950,2016-12-20,11:21:00
1540,608,830,2016-09-03,00:03:00
1541,838,573,2016-09-23,10:42:00
1542,786,985,2016-11-13,12:30:00
1543,537,980,2016-08-21,07:01:00
1544,950,687,2016-12-01,08:14:00
1545,953,912,2016-12-24,12:31:00
1546,743,531,2016-10-03,23:01:00
1547,762,951,2016-10-04,08:04:00
1548,871,664,2016-09-17,15:24:00
1549,795,823,2016-09-26,18:22:00
1550,717,693,2016-10-04,13:11:00
1551,935,807,2016-11-26,08:12:00
1552,548,928,2016-08-01,13:24:00
1553,633,506,2016-10-26,08:15:00
1554,537,887,2016-11-26,23:09:00
1555,764,849,2016-09-07,03:41:00
1556,803,873,2016-12-16,04:19:00
1557,527,867,2016-11-05,17:53:00
1558,534,881,2016-10-28,23:05:00
1559,969,940,2016-11-11,03:39:00
1560,540,515,2016-10-18,14:02:00
1561,942,949,2016-12-14,20:59:00
1562,818,829,2016-12-29,13:33:00
1563,664,621,2016-11-07,01:03:00
1564,616,794,2016-11-15,07:55:00
1565,725,559,2016-12-28,03:00:00
1566,725,897,2016-09-15,16:21:00
1567,997,695,2016-10-18,14:46:00
1568,636,629,2016-11-18,16:58:00
1569,876,995,2016-09-01,16:46:00
1570,513,828,2016-12-11,09:42:00
1571,822,520,2016-10-30,07:31:00
1572,818,806,2016-10-20,21:40:00
1573,673,573,2016-12-25,18:15:00
1574,684,935,2016-12-21,01:09:00
1575,520,672,2016-09-13,20:35:00
1576,570,932,2016-09-08,15:58:00
1577,571,532,2016-09-17,18:15:00
1578,584,538,2016-10-01,17:33:00
1579,965,646,2016-08-13,21:19:00
1580,705,945,2016-11-16,01:04:00
1581,542,547,2016-12-23,00:43:00
1582,709,632,2016-09-13,23:57:00
1583,598,834,2016-09-01,16:45:00
1584,978,604,2016-12-06,06:04:00
1585,503,540,2016-10-01,19:58:00
1586,779,575,2016-08-14,17:18:00
1587,514,645,2016-12-13,12:03:00
1588,550,516,2016-10-27,16:43:00
1589,909,608,2016-11-12,16:34:00
1590,611,541,2016-09-01,16:39:00
1591,600,716,2016-09-20,10:45:00
1592,666,680,2016-12-30,09:07:00
1593,660,662,2016-09-21,22:25:00
1594,802,546,2016-10-26,11:00:00
1595,709,905,2016-10-16,03:39:00
1596,506,628,2016-12-10,00:00:00
1597,556,978,2016-10-30,16:12:00
1598,512,914,2016-08-23,16:39:00
1599,532,813,2016-09-25,04:23:00
1600,547,587,2016-10-22,02:19:00
1601,899,863,2016-09-01,16:39:00
1602,828,884,2016-08-13,05:01:00
1603,745,795,2016-12-25,14:40:00
1604,921,689,2016-08-15,23:33:00
1605,680,739,2016-10-08,12:01:00
1606,939,545,2016-08-06,20:47:00
1607,851,930,2016-08-14,07:49:00
1608,672,547,2016-12-16,02:50:00
1609,845,650,2016-11-10,20:35:00
1610,641,903,2016-09-23,14:15:00
1611,709,655,2016-11-10,13:15:00
1612,905,660,2016-08-13,10:26:00
1613,799,846,2016-12-10,18:23:00
1614,608,700,2016-11-22,02:45:00
1615,808,897,2016-08-04,23:10:00
1616,566,593,2016-11-16,07:47:00
1617,532,832,2016-10-21,20:34:00
1618,730,673,2016-10-23,09:23:00
1619,739,580,2016-08-25,06:55:00
1620,831,837,2016-09-17,07:46:00
1621,788,666,2016-10-17,23:10:00
1622,624,823,2016-10-17,18:27:00
1623,565,631,2016-11-28,15:30:00
1624,739,928,2016-11-19,01:23:00
1625,630,741,2016-11-01,08:53:00
1626,977,661,2016-12-02,15:55:00
1627,851,826,2016-08-21,12:14:00
1628,642,960,2016-12-08,18:27:00
1629,892,521,2016-12-21,00:09:00
1630,510,576,2016-08-29,17:53:00
1631,910,642,2016-11-09,23:42:00
1632,693,745,2016-08-02,06:27:00
1633,612,985,2016-09-08,13:32:00
1634,755,910,2016-10-26,12:22:00
1635,751,869,2016-12-24,11:56:00
1636,560,503,2016-10-24,13:25:00
1637,851,710,2016-10-22,09:07:00
1638,966,789,2016-11-26,20:08:00
1639,720,923,2016-08-08,07:44:00
1640,728,796,2016-09-18,09:52:00
1641,787,895,2016-11-26,22:59:00
1642,619,638,2016-09-23,14:00:00
1643,980,849,2016-09-05,12:16:00
1644,637,925,2016-10-25,11:41:00
1645,531,546,2016-08-22,21:57:00
1646,675,517,2016-09-09,01:47:00
1647,915,937,2016-11-15,22:03:00
1648,833,582,2016-12-26,18:20:00
1649,931,976,2016-08-16,03:26:00
1650,948,581,2016-09-21,00:59:00
1651,991,827,2016-12-23,18:42:00
1652,598,728,2016-12-30,09:51:00
1653,758,664,2016-10-14,03:24:00
1654,858,823,2016-10-24,07:06:00
1655,695,762,2016-12-23,15:11:00
1656,703,886,2016-10-28,17:36:00
1657,538,891,2016-08-29,04:13:00
1658,762,831,2016-11-01,16:33:00
1659,913,821,2016-12-30,12:08:00
1660,659,663,2016-10-14,05:50:00
1661,951,574,2016-10-15,15:00:00
1662,969,934,2016-12-22,23:33:00
1663,665,965,2016-12-25,13:02:00
1664,727,978,2016-08-09,17:25:00
1665,629,950,2016-08-14,05:48:00
1666,590,590,2016-11-20,02:18:00
1667,807,874,2016-09-20,14:48:00
1668,827,557,2016-11-25,12:24:00
1669,991,597,2016-09-27,21:45:00
1670,602,637,2016-11-23,16:18:00
1671,702,916,2016-11-24,21:28:00
1672,867,846,2016-10-13,05:58:00
1673,545,911,2016-12-18,18:33:00
1674,725,566,2016-08-09,19:37:00
1675,775,851,2016-12-23,09:03:00
1676,853,683,2016-09-23,11:04:00
1677,764,903,2016-12-17,23:44:00
1678,553,605,2016-08-29,10:02:00
1679,838,767,2016-10-28,00:32:00
1680,882,662,2016-10-29,11:22:00
1681,962,531,2016-10-10,22:30:00
1682,852,610,2016-12-30,16:44:00
1683,867,876,2016-11-14,10:48:00
1684,860,747,2016-10-21,15:52:00
1685,880,851,2016-09-30,20:47:00
1686,1000,704,2016-12-29,23:19:00
1687,932,673,2016-12-02,12:49:00
1688,516,946,2016-11-05,04:23:00
1689,738,982,2016-12-16,10:25:00
1690,518,658,2016-12-19,14:23:00
1691,711,698,2016-08-29,23:04:00
1692,775,886,2016-12-19,23:00:00
1693,950,881,2016-08-16,16:59:00
1694,774,752,2016-10-12,19:22:00
1695,662,696,2016-11-25,07:14:00
1696,778,767,2016-11-09,02:11:00
1697,515,632,2016-11-01,15:47:00
1698,803,970,2016-08-06,16:28:00
1699,859,864,2016-10-19,15:27:00
1700,867,673,2016-10-23,21:39:00
1701,987,891,2016-08-19,07:24:00
1702,509,932,2016-09-27,16:57:00
1703,651,762,2016-10-20,10:08:00
1704,676,920,2016-11-17,22:26:00
1705,553,773,2016-11-24,16:27:00
1706,910,728,2016-08-19,09:32:00
1707,628,815,2016-09-06,12:43:00
1708,773,971,2016-12-02,10:50:00
1709,520,722,2016-09-25,18:34:00
1710,583,629,2016-12-10,05:44:00
1711,561,669,2016-10-28,22:29:00
1712,901,510,2016-09-05,09:24:00
1713,567,945,2016-10-05,16:27:00
1714,922,554,2016-08-01,17:27:00
1715,821,583,2016-09-09,10:04:00
1716,988,988,2016-10-23,23:58:00
1717,661,574,2016-12-16,14:35:00
1718,995,608,2016-10-31,18:31:00
1719,973,546,2016-12-03,05:11:00
1720,972,596,2016-09-04,08:39:00
1721,682,801,2016-08-06,17:55:00
1722,951,519,2016-12-04,03:31:00
1723,560,802,2016-11-15,00:18:00
1724,865,609,2016-09-19,05:14:00
1725,954,632,2016-08-12,21:08:00
1726,838,624,2016-12-10,03:34:00
1727,888,651,2016-08-12,01:16:00
1728,958,589,2016-11-25,06:05:00
1729,972,753,2016-11-06,06:51:00
1730,541,927,2016-11-26,13:09:00
1731,631,845,2016-11-20,08:02:00
1732,759,680,2016-11-01,17:08:00
1733,937,843,2016-09-27,10:01:00
1734,915,969,2016-10-19,12:10:00
1735,963,751,2016-08-10,01:14:00
1736,540,990,2016-10-12,08:05:00
1737,513,891,2016-09-23,17:06:00
1738,742,915,2016-08-26,20:01:00
1739,616,739,2016-08-15,19:56:00
1740,728,720,2016-12-24,16:33:00
1741,568,600,2016-10-04,00:24:00
1742,554,882,2016-12-19,19:46:00
1743,626,867,2016-12-12,00:59:00
1744,577,966,2016-09-04,08:22:00
1745,651,900,2016-08-20,16:39:00
1746,980,594,2016-09-15,22:50:00
1747,937,964,2016-08-23,20:23:00
1748,784,759,2016-11-29,08:09:00
1749,969,799,2016-12-21,04:03:00
1750,945,766,2016-10-04,23:15:00
1751,679,833,2016-08-28,23:45:00
1752,740,570,2016-10-29,21:21:00
1753,812,584,2016-08-23,16:00:00
1754,548,564,2016-10-04,00:21:00
1755,534,667,2016-09-12,12:32:00
1756,507,976,2016-11-29,13:29:00
1757,987,798,2016-09-07,04:16:00
1758,758,927,2016-11-28,10:48:00
1759,603,658,2016-11-15,03:21:00
1760,858,555,2016-08-15,04:16:00
1761,913,875,2016-11-10,15:37:00
1762,635,976,2016-12-02,16:20:00
1763,563,841,2016-11-13,15:30:00
1764,695,974,2016-10-02,02:35:00
1765,917,919,2016-09-17,18:05:00
1766,647,698,2016-12-31,17:39:00
1767,805,843,2016-10-09,10:13:00
1768,840,888,2016-09-26,18:18:00
1769,657,861,2016-09-21,00:18:00
1770,826,817,2016-08-08,09:27:00
1771,762,685,2016-12-24,10:58:00
1772,930,760,2016-10-16,03:52:00
1773,721,635,2016-12-03,22:11:00
1774,851,970,2016-10-25,03:01:00
1775,826,989,2016-11-25,01:44:00
1776,677,950,2016-08-26,07:45:00
1777,945,883,2016-12-17,02:26:00
1778,815,592,2016-10-07,10:23:00
1779,519,549,2016-10-15,21:30:00
1780,523,681,2016-12-18,12:50:00
1781,569,588,2016-12-24,15:00:00
1782,812,982,2016-12-16,08:50:00
1783,870,536,2016-08-24,23:08:00
1784,821,524,2016-11-01,21:18:00
1785,571,973,2016-10-05,05:54:00
1786,540,749,2016-08-11,07:06:00
1787,748,797,2016-12-07,17:40:00
1788,622,675,2016-10-16,02:44:00
1789,549,570,2016-11-21,13:09:00
1790,600,635,2016-10-27,05:04:00
1791,602,503,2016-08-18,11:52:00
1792,701,903,2016-12-18,04:17:00
1793,869,556,2016-08-24,04:11:00
1794,773,893,2016-10-27,06:19:00
1795,563,923,2016-08-05,12:02:00
1796,840,839,2016-12-05,19:24:00
1797,517,527,2016-11-08,18:46:00
1798,662,951,2016-12-11,06:44:00
1799,972,668,2016-12-22,03:28:00
1800,853,627,2016-10-14,22:13:00
1801,779,962,2016-11-04,10:03:00
1802,662,966,2016-12-29,00:48:00
1803,846,766,2016-12-22,05:23:00
1804,763,789,2016-12-27,12:41:00
1805,994,929,2016-12-02,23:45:00
1806,824,778,2016-12-19,19:09:00
1807,662,652,2016-09-03,07:14:00
1808,622,974,2016-12-15,11:35:00
1809,816,539,2016-11-26,13:12:00
1810,628,631,2016-11-10,15:37:00
1811,570,861,2016-12-13,10:08:00
1812,944,943,2016-11-09,17:43:00
1813,728,740,2016-12-02,01:07:00
1814,745,849,2016-12-14,16:08:00
1815,701,695,2016-08-14,14:15:00
1816,822,803,2016-08-29,01:12:00
1817,502,993,2016-08-20,15:22:00
1818,695,623,2016-11-13,00:01:00
1819,632,928,2016-08-26,13:19:00
1820,894,753,2016-08-16,18:18:00
1821,564,893,2016-10-19,18:01:00
1822,737,530,2016-11-29,14:52:00
1823,926,687,2016-10-12,22:12:00
1824,977,862,2016-08-18,15:54:00
1825,718,764,2016-11-25,21:25:00
1826,936,602,2016-10-30,22:19:00
1827,775,707,2016-08-24,03:00:00
1828,575,986,2016-12-18,15:19:00
1829,561,697,2016-08-27,00:16:00
1830,931,905,2016-12-28,04:25:00
1831,519,502,2016-12-01,06:02:00
1832,985,622,2016-08-05,08:56:00
1833,691,703,2016-09-06,03:46:00
1834,995,782,2016-11-26,18:27:00
1835,767,962,2016-10-07,10:29:00
1836,725,731,2016-08-27,03:29:00
1837,914,912,2016-10-27,16:44:00
1838,843,863,2016-08-11,20:58:00
1839,563,890,2016-11-12,04:48:00
1840,649,834,2016-11-11,19:45:00
1841,817,610,2016-10-01,17:48:00
1842,524,847,2016-09-08,00:37:00
1843,999,898,2016-11-19,23:27:00
1844,505,789,2016-08-31,13:45:00
1845,762,681,2016-10-26,06:57:00
1846,915,872,2016-09-06,19:47:00
1847,735,711,2016-11-23,22:22:00
1848,878,894,2016-11-05,05:47:00
1849,645,760,2016-08-26,21:18:00
1850,650,690,2016-11-03,07:04:00
1851,883,625,2016-12-30,10:10:00
1852,846,943,2016-12-16,15:28:00
1853,877,863,2016-12-07,11:09:00
1854,683,632,2016-08-16,04:46:00
1855,860,937,2016-08-05,13:02:00
1856,881,628,2016-08-31,10:37:00
1857,698,931,2016-11-08,18:21:00
1858,515,669,2016-10-01,20:44:00
1859,638,663,2016-10-31,19:21:00
1860,739,668,2016-12-22,16:46:00
1861,635,710,2016-11-29,10:49:00
1862,798,614,2016-12-08,19:35:00
1863,817,817,2016-11-08,06:34:00
1864,940,800,2016-11-28,20:43:00
1865,755,643,2016-08-17,23:48:00
1866,751,579,2016-11-23,21:24:00
1867,795,590,2016-09-03,19:53:00
1868,919,549,2016-12-31,15:45:00
1869,816,895,2016-10-09,11:59:00
1870,886,886,2016-12-21,01:59:00
1871,645,974,2016-10-28,07:54:00
1872,989,755,2016-11-10,11:38:00
1873,791,978,2016-10-21,03:41:00
1874,790,908,2016-09-16,05:13:00
1875,635,960,2016-09-17,21:03:00
1876,841,510,2016-12-14,02:29:00
1877,678,862,2016-08-29,19:34:00
1878,968,569,2016-11-17,00:23:00
1879,834,909,2016-11-21,12:51:00
1880,715,701,2016-12-16,20:09:00
1881,613,766,2016-08-20,08:19:00
1882,783,801,2016-10-30,09:19:00
1883,726,579,2016-09-17,15:55:00
1884,939,918,2016-12-03,10:49:00
1885,537,703,2016-10-11,03:43:00
1886,957,696,2016-08-27,18:14:00
1887,935,785,2016-11-08,09:55:00
1888,606,762,2016-12-10,08:28:00
1889,697,660,2016-12-11,18:25:00
1890,859,582,2016-10-24,13:52:00
1891,855,804,2016-09-29,20:02:00
1892,710,657,2016-12-30,11:49:00
1893,947,724,2016-09-14,16:12:00
1894,558,767,2016-12-06,14:00:00
1895,660,626,2016-11-06,06:19:00
1896,871,834,2016-11-06,15:50:00
1897,770,724,2016-10-26,03:44:00
1898,985,604,2016-10-24,01:25:00
1899,893,766,2016-11-08,16:54:00
1900,889,609,2016-11-10,13:52:00
1901,535,806,2016-08-03,22:47:00
1902,767,606,2016-11-30,02:04:00
1903,833,563,2016-12-17,02:21:00
1904,610,992,2016-08-20,20:23:00
1905,893,501,2016-10-02,06:11:00
1906,649,569,2016-08-16,23:42:00
1907,913,822,2016-12-30,17:28:00
1908,812,861,2016-12-23,07:21:00
1909,808,524,2016-09-14,12:16:00
1910,841,539,2016-08-09,23:34:00
1911,512,558,2016-09-14,09:37:00
1912,562,995,2016-12-01,06:01:00
1913,978,807,2016-12-14,18:29:00
1914,911,749,2016-08-18,14:01:00
1915,593,949,2016-11-13,14:52:00
1916,506,587,2016-08-24,22:58:00
1917,880,770,2016-09-08,22:38:00
1918,890,976,2016-12-06,19:32:00
1919,798,787,2016-10-01,10:16:00
1920,697,905,2016-08-17,18:05:00
1921,613,588,2016-09-23,22:54:00
1922,607,788,2016-10-25,14:06:00
1923,815,706,2016-11-10,10:11:00
1924,744,893,2016-12-28,11:02:00
1925,916,522,2016-11-13,11:29:00
1926,943,693,2016-09-06,02:27:00
1927,814,755,2016-09-18,17:32:00
1928,573,579,2016-09-29,20:13:00
1929,780,932,2016-12-22,16:09:00
1930,761,995,2016-09-17,07:44:00
1931,698,582,2016-10-27,22:51:00
1932,800,856,2016-10-18,23:54:00
1933,727,801,2016-10-10,02:56:00
1934,714,885,2016-08-14,02:12:00
1935,677,985,2016-10-07,15:24:00
1936,909,881,2016-08-28,18:42:00
1937,526,998,2016-12-12,07:09:00
1938,803,545,2016-09-29,06:37:00
1939,770,520,2016-12-11,13:08:00
1940,747,864,2016-10-06,18:45:00
1941,597,929,2016-08-21,22:33:00
1942,738,976,2016-12-06,14:08:00
1943,549,655,2016-12-14,05:51:00
1944,925,631,2016-11-18,23:03:00
1945,735,535,2016-09-21,11:33:00
1946,846,935,2016-11-02,03:13:00
1947,601,906,2016-11-08,18:18:00
1948,671,745,2016-11-06,09:40:00
1949,575,763,2016-09-16,10:16:00
1950,928,704,2016-10-24,18:20:00
1951,544,569,2016-08-27,07:34:00
1952,582,842,2016-09-21,13:09:00
1953,850,709,2016-09-09,08:58:00
1954,993,729,2016-11-18,21:28:00
1955,806,615,2016-12-12,07:28:00
1956,892,879,2016-10-28,11:01:00
1957,751,581,2016-12-21,01:05:00
1958,590,838,2016-11-07,23:27:00
1959,718,686,2016-08-12,11:12:00
1960,719,538,2016-10-16,06:46:00
1961,814,856,2016-09-30,08:53:00
1962,697,782,2016-08-11,22:55:00
1963,940,945,2016-11-02,05:53:00
1964,978,584,2016-10-13,10:45:00
1965,868,985,2016-08-23,07:06:00
1966,640,526,2016-12-24,06:01:00
1967,651,614,2016-10-21,14:40:00
1968,866,570,2016-10-11,14:51:00
1969,982,887,2016-11-20,01:28:00
1970,985,862,2016-09-08,16:32:00
1971,787,673,2016-11-27,04:06:00
1972,950,553,2016-12-14,05:49:00
1973,985,556,2016-12-31,18:32:00
1974,782,600,2016-09-20,19:03:00
1975,865,949,2016-08-11,03:52:00
1976,837,952,2016-09-04,02:00:00
1977,635,635,2016-09-27,02:04:00
1978,687,921,2016-08-01,08:25:00
1979,674,796,2016-12-02,22:08:00
1980,886,771,2016-12-31,01:03:00
1981,810,892,2016-12-21,19:14:00
1982,557,914,2016-12-30,02:00:00
1983,876,702,2016-11-15,13:48:00
1984,665,791,2016-09-07,08:02:00
1985,877,698,2016-08-02,00:34:00
1986,926,650,2016-12-18,16:06:00
1987,711,675,2016-09-16,15:43:00
1988,814,719,2016-10-05,06:12:00
1989,963,707,2016-11-14,00:56:00
1990,979,853,2016-09-21,11:53:00
1991,540,950,2016-10-17,02:21:00
1992,947,519,2016-08-12,23:21:00
1993,836,958,2016-09-03,09:59:00
1994,631,557,2016-12-24,08:38:00
1995,926,588,2016-12-18,06:34:00
1996,641,637,2016-09-07,22:09:00
1997,923,945,2016-08-18,06:13:00
1998,542,629,2016-10-29,16:15:00
1999,611,645,2016-11-20,08:05:00
2000,505,587,2016-12-04,03:29:00
